flow_rate_m3s,rpm,head_m,pressure_difference_pa,efficiency,hydraulic_power_kw,input_power_kw,vibration_mm_s,operating_hours,condition
0.0212,1501.4,52.45,517203.0,0.5936,10.93,18.41,4.64,19433.5,Abnormal
0.0385,1489.3,38.13,374238.0,0.6472,14.41,22.26,3.16,6693.8,Normal
0.032,1503.0,46.28,452322.0,0.7477,14.51,19.41,2.78,9692.6,Normal
0.028,1504.9,49.59,487307.0,0.7742,13.6,17.57,2.41,4002.3,Normal
0.0147,1504.5,56.37,552382.0,0.4731,8.12,17.16,5.24,12254.5,Abnormal
0.0147,1508.6,59.26,578529.0,0.6082,8.53,14.03,1.72,5685.6,Normal
0.0117,1506.7,60.67,594566.0,0.5446,6.99,12.83,1.8,4219.2,Normal
0.036,1503.7,41.54,408075.0,0.7048,14.66,20.81,1.42,10379.8,Normal
0.028,1499.4,48.76,478499.0,0.7851,13.41,17.08,2.09,209.6,Normal
0.0312,1486.7,45.24,444665.0,0.7715,13.87,17.97,4.97,252.5,Abnormal
0.0106,1503.4,60.44,591628.0,0.5105,6.3,12.33,2.45,4459.5,Normal
0.0391,1501.7,37.6,369605.0,0.6246,14.42,23.09,6.39,830.8,Abnormal
0.035,1502.2,43.34,425485.0,0.7253,14.87,20.5,1.77,2249.7,Normal
0.0164,1489.8,56.37,553355.0,0.6486,9.05,13.96,2.76,6843.3,Normal
0.0155,1491.4,57.71,566233.0,0.6334,8.75,13.81,2.51,16071.5,Normal
0.0155,1508.4,59.41,588210.0,0.6338,9.03,14.25,2.73,11483.8,Normal
0.0191,1499.7,57.03,562252.0,0.7298,10.7,14.66,1.55,10302.1,Normal
0.0257,1505.5,51.61,507028.0,0.7897,13.03,16.5,2.54,5940.4,Normal
0.023,1500.2,53.78,525575.0,0.7692,12.11,15.75,4.18,18641.9,Abnormal
0.0187,1500.2,56.63,554796.0,0.7233,10.41,14.39,2.22,8000.6,Normal
0.0284,1507.5,49.71,491661.0,0.7676,13.83,18.01,2.64,1833.1,Normal
0.0142,1495.9,58.42,571673.0,0.6169,8.13,13.18,6.88,12379.6,Abnormal
0.0188,1500.8,56.6,554818.0,0.7094,10.42,14.69,2.02,2365.4,Normal
0.021,1496.3,53.67,525916.0,0.7534,11.05,14.67,2.4,6969.9,Normal
0.0237,1496.5,53.05,521378.0,0.7674,12.33,16.06,1.71,10197.5,Normal
0.0336,1497.5,43.89,429472.0,0.7316,14.45,19.75,2.92,17497.0,Normal
0.016,1501.8,57.96,569003.0,0.663,9.09,13.71,2.31,9921.6,Normal
0.0254,1496.2,49.88,488319.0,0.6397,12.44,19.45,3.9,14074.9,Abnormal
0.0278,1510.0,48.13,475414.0,0.6472,13.11,20.26,2.99,19857.1,Abnormal
0.0114,1492.8,59.19,578951.0,0.5312,6.62,12.45,2.16,2716.6,Normal
0.0282,1498.5,49.95,492462.0,0.7658,13.83,18.06,2.06,5567.2,Normal
0.0151,1496.5,57.74,564948.0,0.6062,8.56,14.12,7.27,7952.1,Abnormal
0.012,1511.6,60.42,590583.0,0.5518,7.08,12.84,2.08,8494.4,Normal
0.0385,1501.6,38.35,374430.0,0.6534,14.47,22.15,2.69,8279.3,Normal
0.039,1508.3,38.46,372966.0,0.6372,14.7,23.07,2.23,18161.5,Normal
0.0343,1488.1,39.49,388517.0,0.5912,13.27,22.44,2.14,14309.2,Abnormal
0.0191,1502.1,55.78,544317.0,0.7128,10.47,14.69,2.14,12197.3,Normal
0.0129,1507.1,59.68,584531.0,0.5518,7.57,13.72,1.87,6256.5,Normal
0.0305,1500.7,46.89,461876.0,0.7838,14.04,17.92,2.42,16493.4,Normal
0.0232,1508.5,53.96,531194.0,0.7523,12.28,16.33,1.86,19105.7,Normal
0.0137,1495.9,58.86,573829.0,0.6138,7.89,12.85,2.82,16441.8,Normal
0.0249,1511.3,53.07,521384.0,0.7867,12.94,16.45,2.36,131.1,Normal
0.011,1518.4,60.82,599535.0,0.5095,6.58,12.92,4.64,12764.4,Abnormal
0.0373,1497.1,40.04,391156.0,0.6588,14.64,22.23,2.7,1117.6,Normal
0.0178,1496.4,56.78,558316.0,0.6973,9.89,14.19,2.83,5226.4,Normal
0.0299,1511.6,49.02,477985.0,0.7614,14.37,18.87,2.39,1284.5,Normal
0.0194,1512.6,57.13,561446.0,0.7216,10.85,15.03,6.15,12115.5,Abnormal
0.0256,1495.8,49.53,486237.0,0.6506,12.44,19.12,4.64,13763.1,Abnormal
0.0264,1496.6,50.81,500065.0,0.7583,13.16,17.35,2.09,2378.3,Normal
0.0155,1497.7,58.5,575356.0,0.6196,8.92,14.4,2.12,7738.4,Normal
0.0391,1489.2,37.23,361812.0,0.6339,14.27,22.52,2.45,9179.1,Normal
0.0333,1492.7,43.83,430358.0,0.7334,14.3,19.5,2.24,7444.2,Normal
0.0382,1492.0,39.17,387855.0,0.6459,14.67,22.71,2.71,2508.4,Normal
0.0368,1493.9,40.31,389936.0,0.6896,14.57,21.12,2.12,8437.1,Normal
0.0279,1499.7,49.72,490206.0,0.7932,13.63,17.18,2.37,15048.4,Normal
0.0377,1501.9,38.9,385612.0,0.6611,14.37,21.74,2.93,1513.1,Normal
0.0127,1512.4,59.91,584000.0,0.5663,7.44,13.13,2.55,1695.6,Normal
0.0159,1492.0,57.47,562074.0,0.66,8.95,13.56,5.31,7159.9,Abnormal
0.0114,1507.9,60.63,596031.0,0.5145,6.75,13.13,2.13,18840.3,Normal
0.0198,1498.3,55.38,541062.0,0.7293,10.74,14.72,2.12,13404.6,Normal
0.0217,1499.6,54.52,538262.0,0.7576,11.59,15.29,4.18,13605.5,Abnormal
0.0181,1505.4,57.78,569463.0,0.7082,10.28,14.52,2.16,7302.2,Normal
0.0349,1491.0,42.32,411738.0,0.6938,14.47,20.86,2.74,11913.8,Normal
0.0207,1503.1,54.91,536821.0,0.7305,11.15,15.27,2.3,301.6,Normal
0.0184,1501.3,53.77,529457.0,0.4982,9.72,19.51,2.42,12758.3,Abnormal
0.0263,1503.9,50.9,501107.0,0.7807,13.12,16.81,3.2,18274.4,Normal
0.0142,1502.3,58.79,582251.0,0.6196,8.21,13.24,2.54,12290.2,Normal
0.0341,1519.6,44.41,433479.0,0.7471,14.84,19.87,1.77,17486.6,Normal
0.0122,1494.9,59.01,582521.0,0.5521,7.08,12.83,5.24,14507.1,Abnormal
0.0396,1495.8,33.76,328856.0,0.4477,13.12,29.3,3.61,2499.1,Abnormal
0.0332,1495.0,44.05,433412.0,0.7551,14.33,18.98,3.17,18058.8,Normal
0.016,1495.6,57.36,564901.0,0.6595,8.98,13.62,1.9,1422.2,Normal
0.0102,1494.9,58.77,569002.0,0.5066,5.86,11.57,2.84,10726.0,Normal
0.0345,1509.5,44.36,437490.0,0.7267,15.0,20.64,3.03,2928.5,Normal
0.0312,1511.4,47.56,470033.0,0.7481,14.56,19.46,2.12,333.0,Normal
0.0319,1495.4,45.32,447329.0,0.7398,14.17,19.15,2.28,8498.5,Normal
0.0331,1493.3,44.04,437203.0,0.723,14.32,19.8,1.93,5971.3,Normal
0.0122,1503.8,59.44,585536.0,0.5655,7.13,12.6,2.31,9771.4,Normal
0.0208,1495.6,55.46,542744.0,0.7545,11.29,14.97,2.38,11586.3,Normal
0.0135,1505.1,60.25,594178.0,0.6159,7.97,12.93,2.7,970.4,Normal
0.0359,1501.6,41.54,406015.0,0.7096,14.63,20.61,2.89,2547.8,Normal
0.0287,1487.9,48.45,475453.0,0.791,13.64,17.24,2.06,11217.0,Normal
0.0199,1512.4,56.64,557709.0,0.7221,11.07,15.33,1.51,6929.0,Normal
0.0119,1514.4,60.35,593121.0,0.5341,7.05,13.2,2.39,14610.6,Normal
0.0193,1495.1,55.49,547751.0,0.7303,10.52,14.41,4.82,13080.6,Abnormal
0.0198,1496.9,55.58,551441.0,0.7316,10.77,14.72,2.51,16927.5,Normal
0.0319,1502.3,44.05,429249.0,0.6033,13.78,22.84,4.61,13880.6,Abnormal
0.0291,1502.7,48.51,475078.0,0.78,13.86,17.77,2.46,8655.6,Normal
0.0366,1505.3,40.8,401006.0,0.6897,14.65,21.25,3.08,13492.0,Normal
0.0242,1516.1,53.76,526213.0,0.7872,12.74,16.19,2.57,5580.1,Normal
0.0136,1498.6,58.96,578164.0,0.6123,7.86,12.83,2.23,6195.6,Normal
0.0314,1493.6,44.02,433744.0,0.6331,13.56,21.42,5.95,15800.8,Abnormal
0.0328,1489.0,41.39,407691.0,0.6611,13.33,20.16,4.97,8983.7,Abnormal
0.0268,1494.2,49.57,486887.0,0.7861,13.05,16.6,3.14,15987.8,Normal
0.0331,1499.7,44.81,440004.0,0.7362,14.56,19.78,2.32,16466.2,Normal
0.0248,1514.4,52.31,512593.0,0.7842,12.73,16.24,2.39,17165.5,Normal
0.0257,1495.9,49.48,488916.0,0.6273,12.47,19.87,5.04,18341.0,Abnormal
0.0228,1501.8,54.35,537294.0,0.7749,12.17,15.7,2.89,8676.6,Normal
0.0108,1499.9,57.31,564787.0,0.3551,6.05,17.04,3.98,6445.4,Abnormal
0.0132,1509.5,58.91,575015.0,0.5905,7.65,12.95,2.6,11685.8,Normal
0.0109,1520.2,61.57,603346.0,0.5073,6.61,13.03,2.44,7486.3,Normal
0.0291,1495.8,48.16,472934.0,0.7822,13.74,17.57,2.42,12061.4,Normal
0.0194,1496.1,52.65,514162.0,0.6397,10.04,15.69,3.37,14141.2,Abnormal
0.0253,1508.4,52.17,511942.0,0.7578,12.93,17.06,2.74,13799.3,Normal
0.0372,1505.5,40.73,399604.0,0.6785,14.87,21.92,2.46,7553.6,Normal
0.0175,1514.8,58.51,576678.0,0.6807,10.03,14.74,2.59,3420.5,Normal
0.0223,1504.7,54.0,528518.0,0.7682,11.82,15.39,2.08,8667.5,Normal
0.0327,1497.1,44.12,435679.0,0.7473,14.14,18.92,2.23,2937.6,Normal
0.0169,1504.7,57.68,563461.0,0.6801,9.54,14.03,2.22,17812.9,Normal
0.0123,1508.9,60.2,588487.0,0.5487,7.27,13.25,2.86,6983.0,Normal
0.0187,1506.6,57.1,559229.0,0.7026,10.47,14.9,2.23,3173.7,Normal
0.0148,1504.1,58.58,574796.0,0.6238,8.53,13.67,3.34,606.4,Normal
0.0379,1508.5,36.14,348475.0,0.55,13.43,24.42,3.64,12951.9,Abnormal
0.0342,1509.4,44.55,438213.0,0.7467,14.97,20.04,1.83,12774.4,Normal
0.029,1511.1,47.31,468388.0,0.6624,13.46,20.32,4.78,6878.0,Abnormal
0.0361,1505.2,39.76,391701.0,0.5347,14.1,26.37,2.58,1527.1,Abnormal
0.0341,1498.7,43.23,423593.0,0.7025,14.47,20.59,1.41,8251.6,Normal
0.0156,1501.2,58.06,566818.0,0.6332,8.88,14.03,3.12,6293.2,Normal
0.0368,1509.7,41.35,401139.0,0.6711,14.92,22.23,2.72,13574.7,Normal
0.0262,1493.5,50.34,489716.0,0.7631,12.93,16.94,2.64,12155.0,Normal
0.0342,1502.9,43.45,425905.0,0.7079,14.59,20.61,2.47,7355.4,Normal
0.0369,1496.9,40.09,398515.0,0.6855,14.5,21.16,1.78,4436.1,Normal
0.0195,1500.2,54.7,529851.0,0.6172,10.49,16.99,4.47,19761.9,Abnormal
0.0133,1510.2,59.43,584756.0,0.5934,7.75,13.07,5.5,9134.6,Abnormal
0.0168,1501.5,57.71,564441.0,0.6831,9.53,13.95,1.93,13796.7,Normal
0.0228,1500.4,53.68,525714.0,0.7653,12.01,15.7,1.26,2897.0,Normal
0.0345,1489.1,40.48,394759.0,0.5776,13.72,23.75,2.97,9763.2,Abnormal
0.0358,1506.0,41.59,404540.0,0.6999,14.61,20.88,2.34,648.0,Normal
0.0102,1505.2,61.24,601049.0,0.4786,6.13,12.81,2.46,10158.6,Normal
0.0253,1517.3,52.59,516570.0,0.7898,13.06,16.54,2.73,19283.9,Normal
0.0225,1497.5,54.39,535256.0,0.7525,12.02,15.97,2.69,7745.7,Normal
0.0167,1501.8,56.99,554888.0,0.6599,9.32,14.12,2.52,876.0,Normal
0.0136,1502.0,59.37,584639.0,0.5949,7.92,13.31,2.94,716.0,Normal
0.0201,1512.6,56.65,557925.0,0.721,11.19,15.51,3.77,7820.9,Abnormal
0.0383,1499.2,38.19,375685.0,0.6452,14.34,22.23,2.63,3284.5,Normal
0.0197,1502.2,56.13,549573.0,0.7298,10.85,14.86,2.68,564.7,Normal
0.0256,1504.9,52.39,514722.0,0.7821,13.14,16.8,1.84,15148.7,Normal
0.0311,1501.5,45.74,448308.0,0.7522,13.95,18.55,4.71,9224.6,Abnormal
0.0209,1496.4,54.94,541428.0,0.7364,11.27,15.31,2.06,5856.0,Normal
0.0392,1501.6,36.55,357663.0,0.6425,14.04,21.85,2.1,18011.7,Normal
0.0389,1508.6,37.87,371773.0,0.6424,14.44,22.48,2.74,2411.2,Normal
0.0176,1491.8,57.1,555790.0,0.714,9.83,13.77,2.12,19122.8,Normal
0.0249,1501.1,51.91,509972.0,0.7897,12.69,16.07,2.01,6347.9,Normal
0.019,1494.4,55.32,540810.0,0.729,10.33,14.16,2.12,17779.2,Normal
0.0185,1509.6,57.14,561829.0,0.6905,10.4,15.05,2.9,12098.6,Normal
0.0111,1487.8,59.88,589415.0,0.5319,6.52,12.27,2.41,16551.5,Normal
0.0283,1495.5,48.17,471043.0,0.7777,13.37,17.19,2.32,19681.9,Normal
0.0251,1503.0,51.72,507493.0,0.7696,12.73,16.54,2.35,5839.3,Normal
0.0115,1512.5,61.47,603462.0,0.5387,6.96,12.92,2.98,19226.6,Normal
0.0184,1499.5,57.31,563134.0,0.7153,10.32,14.43,2.06,7850.7,Normal
0.0372,1495.6,39.52,389712.0,0.679,14.44,21.27,2.99,7771.7,Normal
0.0172,1515.0,57.93,569972.0,0.6714,9.77,14.55,2.49,6873.7,Normal
0.0143,1488.4,58.64,574326.0,0.6258,8.25,13.19,2.33,10874.0,Normal
0.0247,1482.4,51.67,510888.0,0.7669,12.51,16.32,3.53,3167.5,Normal
0.0396,1503.5,37.39,368708.0,0.6217,14.52,23.35,1.92,11118.9,Normal
0.0173,1496.0,56.6,558774.0,0.6798,9.58,14.1,2.24,10879.9,Normal
0.0302,1491.8,44.83,440651.0,0.6552,13.27,20.25,2.53,15261.8,Abnormal
0.0328,1505.7,45.01,442563.0,0.7544,14.5,19.23,2.83,16689.6,Normal
0.0171,1502.0,57.59,564635.0,0.6683,9.68,14.48,3.16,8864.8,Normal
0.0318,1495.5,46.08,450918.0,0.7794,14.4,18.47,3.15,6116.4,Normal
0.021,1489.8,54.53,537336.0,0.7219,11.25,15.59,2.95,5260.8,Normal
0.029,1507.0,48.59,477376.0,0.7689,13.81,17.96,2.31,3973.0,Normal
0.029,1505.2,49.43,484544.0,0.7803,14.06,18.02,2.24,1247.2,Normal
0.0261,1499.2,48.25,470787.0,0.6572,12.34,18.78,2.1,6914.7,Abnormal
0.0127,1514.8,60.87,600991.0,0.5708,7.59,13.3,3.32,5477.9,Normal
0.0351,1491.4,42.44,416604.0,0.7132,14.6,20.47,2.61,19331.7,Normal
0.0196,1487.8,54.49,531472.0,0.7295,10.49,14.38,2.18,11198.4,Normal
0.0156,1494.5,57.67,565908.0,0.6448,8.82,13.68,3.0,7010.8,Normal
0.0112,1499.6,59.74,585575.0,0.5432,6.58,12.11,1.96,11651.3,Normal
0.0277,1501.9,49.2,482062.0,0.7895,13.38,16.95,2.58,2870.0,Normal
0.0303,1498.1,47.3,465469.0,0.7792,14.07,18.06,2.32,8936.5,Normal
0.0105,1502.8,61.47,602501.0,0.491,6.33,12.89,2.69,12562.1,Normal
0.0254,1490.0,50.28,492519.0,0.7763,12.51,16.12,2.37,9829.1,Normal
0.0168,1511.6,58.36,575944.0,0.6703,9.62,14.34,1.75,8095.4,Normal
0.0294,1499.3,48.43,470714.0,0.7623,13.95,18.29,4.44,19877.6,Abnormal
0.0152,1508.9,56.59,555030.0,0.4496,8.46,18.81,3.8,17618.3,Abnormal
0.0307,1502.7,47.02,463577.0,0.7594,14.17,18.66,2.39,12505.8,Normal
0.0216,1503.7,54.28,534054.0,0.7582,11.5,15.17,2.75,11430.6,Normal
0.0381,1504.6,39.1,386131.0,0.6416,14.62,22.78,5.02,12451.1,Abnormal
0.0141,1503.6,58.79,581744.0,0.6318,8.15,12.89,2.39,4106.1,Normal
0.0202,1505.1,54.96,543361.0,0.7226,10.91,15.09,2.12,7963.2,Normal
0.0134,1510.6,60.44,590070.0,0.5944,7.95,13.37,2.74,885.2,Normal
0.0377,1501.6,39.68,385192.0,0.672,14.69,21.86,2.41,9563.4,Normal
0.0363,1505.7,38.96,383020.0,0.5788,13.88,23.98,3.24,10906.2,Abnormal
0.0177,1499.3,55.97,545691.0,0.562,9.74,17.33,5.92,4632.2,Abnormal
0.0298,1511.5,48.96,475467.0,0.7573,14.31,18.9,2.71,19284.2,Normal
0.0345,1494.6,42.72,419855.0,0.7399,14.46,19.55,2.52,18198.1,Normal
0.0267,1514.4,51.97,511245.0,0.78,13.59,17.42,1.95,14470.7,Normal
0.0259,1499.7,51.13,505910.0,0.7716,12.99,16.83,2.4,10714.4,Normal
0.0173,1488.6,56.89,560017.0,0.6797,9.63,14.17,2.16,17412.4,Normal
0.0128,1501.0,59.59,589385.0,0.5841,7.48,12.8,2.25,2700.0,Normal
0.0369,1494.6,39.98,393102.0,0.6728,14.48,21.52,2.23,15831.1,Normal
0.037,1506.7,39.93,388905.0,0.6689,14.5,21.68,1.96,2583.9,Normal
0.029,1494.8,48.33,476152.0,0.7733,13.75,17.78,1.52,15904.8,Normal
0.0202,1496.4,53.13,524524.0,0.5817,10.51,18.07,3.05,5587.8,Abnormal
0.0205,1484.9,53.93,530006.0,0.7585,10.83,14.28,2.49,17554.1,Normal
0.0318,1496.4,42.83,423769.0,0.6463,13.35,20.66,5.51,18886.4,Abnormal
0.0369,1480.6,38.74,379726.0,0.6899,14.03,20.33,2.41,3061.0,Normal
0.0366,1487.3,40.72,400828.0,0.6884,14.63,21.25,3.26,9307.2,Normal
0.0334,1506.1,45.05,441470.0,0.7265,14.76,20.31,2.86,19621.6,Normal
0.0293,1506.3,49.47,491293.0,0.7747,14.2,18.33,3.14,9719.8,Normal
0.0125,1503.4,59.27,583556.0,0.576,7.28,12.64,4.98,17284.6,Abnormal
0.0148,1492.3,55.52,541903.0,0.4376,8.09,18.48,3.77,11815.8,Abnormal
0.037,1499.6,39.61,393201.0,0.6933,14.36,20.71,2.07,7569.1,Normal
0.0282,1500.0,49.0,478881.0,0.7908,13.55,17.14,6.55,5787.1,Abnormal
0.0103,1490.7,59.2,580790.0,0.5062,5.97,11.79,1.2,4144.1,Normal
0.013,1512.0,60.73,596911.0,0.5761,7.77,13.49,2.93,15259.8,Normal
0.0299,1507.0,47.98,472058.0,0.7584,14.08,18.56,3.09,7792.2,Normal
0.0102,1498.2,60.64,596051.0,0.4835,6.04,12.49,2.15,10274.4,Normal
0.0148,1500.2,56.69,553316.0,0.5042,8.24,16.35,4.53,9897.3,Abnormal
0.0265,1501.7,51.83,509676.0,0.7863,13.45,17.11,2.06,11587.9,Normal
0.0308,1483.7,45.26,446727.0,0.7396,13.66,18.46,2.57,17325.0,Normal
0.0296,1498.0,46.09,454793.0,0.6206,13.36,21.54,3.4,19616.7,Abnormal
0.0167,1494.5,57.56,561445.0,0.6744,9.45,14.01,1.62,8210.9,Normal
0.0314,1492.0,41.9,409355.0,0.587,12.89,21.96,3.49,16567.6,Abnormal
0.0171,1497.8,57.54,561886.0,0.696,9.66,13.88,2.28,15314.1,Normal
0.0198,1514.4,56.96,559628.0,0.7317,11.04,15.09,2.45,11513.2,Normal
0.0324,1505.1,45.43,441768.0,0.7661,14.44,18.84,4.62,19125.3,Abnormal
0.0295,1495.4,47.46,462818.0,0.7711,13.73,17.81,2.32,4089.4,Normal
0.0355,1504.6,41.83,408698.0,0.7181,14.56,20.27,2.35,2274.4,Normal
0.0297,1511.2,49.4,480088.0,0.792,14.41,18.19,2.3,17093.8,Normal
0.027,1507.4,50.79,498190.0,0.7957,13.48,16.94,2.84,8839.1,Normal
0.0128,1500.5,59.72,580636.0,0.5618,7.51,13.36,2.59,16954.7,Normal
0.021,1494.8,54.23,533191.0,0.7407,11.19,15.11,6.19,17872.5,Abnormal
0.018,1505.6,56.95,557721.0,0.6926,10.03,14.49,1.83,1342.9,Normal
0.0173,1503.1,57.87,566180.0,0.6904,9.83,14.24,5.26,17680.9,Abnormal
0.0392,1507.2,37.24,364215.0,0.6369,14.32,22.48,2.8,9021.5,Normal
0.0218,1505.1,54.6,535516.0,0.7423,11.67,15.73,2.42,10257.6,Normal
0.0368,1508.4,40.84,402167.0,0.6838,14.73,21.54,2.7,12569.2,Normal
0.0289,1495.7,48.37,477827.0,0.752,13.73,18.26,3.19,18535.0,Normal
0.0338,1510.5,44.22,436305.0,0.7496,14.68,19.58,6.58,480.4,Abnormal
0.0251,1501.6,52.2,517705.0,0.7701,12.84,16.68,2.44,9589.2,Normal
0.0273,1516.6,49.28,485115.0,0.6833,13.2,19.32,5.98,13785.7,Abnormal
0.0248,1494.5,49.13,482343.0,0.6175,11.94,19.34,3.07,14481.9,Abnormal
0.0159,1513.9,56.9,557071.0,0.4677,8.85,18.93,2.87,13881.4,Abnormal
0.0317,1501.6,45.93,449533.0,0.7237,14.27,19.72,2.25,2775.3,Normal
0.0184,1494.8,56.65,557132.0,0.7049,10.24,14.53,2.58,6058.0,Normal
0.0107,1496.1,57.62,562741.0,0.38,6.06,15.96,4.32,7238.4,Abnormal
0.0294,1497.4,44.69,438954.0,0.6508,12.87,19.78,4.13,16108.3,Abnormal
0.0153,1503.4,56.34,552631.0,0.5805,8.46,14.58,4.2,5647.3,Abnormal
0.0382,1504.2,38.06,371547.0,0.6413,14.27,22.25,1.98,4293.0,Normal
0.0386,1495.4,37.92,369410.0,0.6518,14.37,22.04,2.61,19153.2,Normal
0.0374,1499.8,40.31,401789.0,0.6731,14.81,22.0,3.17,276.4,Normal
0.0211,1517.1,55.76,543468.0,0.7597,11.54,15.19,2.36,19956.6,Normal
0.0105,1513.8,58.67,575418.0,0.3239,6.02,18.6,3.03,13568.7,Abnormal
0.0378,1503.5,39.57,391202.0,0.6513,14.69,22.56,2.83,16586.5,Normal
0.0228,1500.3,53.05,521782.0,0.7756,11.89,15.33,2.04,5962.9,Normal
0.039,1501.0,37.46,366295.0,0.6384,14.33,22.45,2.57,384.9,Normal
0.0389,1504.9,35.49,345203.0,0.5263,13.55,25.74,5.3,14783.6,Abnormal
0.0356,1491.8,41.03,402785.0,0.6984,14.32,20.51,6.06,16699.5,Abnormal
0.0188,1497.9,53.86,521751.0,0.6254,9.95,15.91,4.66,14835.5,Abnormal
0.0216,1486.7,53.9,529167.0,0.7598,11.4,15.0,2.53,2942.7,Normal
0.0355,1503.2,42.14,413520.0,0.6977,14.69,21.06,2.05,15093.2,Normal
0.0195,1505.2,53.1,523559.0,0.5853,10.16,17.36,3.77,15401.6,Abnormal
0.0151,1496.1,56.04,546900.0,0.4939,8.29,16.79,5.18,13205.0,Abnormal
0.0267,1512.6,51.59,505302.0,0.7653,13.52,17.66,1.95,15345.7,Normal
0.0381,1490.2,35.62,350525.0,0.4409,13.31,30.18,3.0,16933.8,Abnormal
0.0309,1488.3,46.2,453714.0,0.7307,14.0,19.15,2.5,12310.7,Normal
0.0271,1501.8,50.17,488806.0,0.7898,13.34,16.89,2.75,1863.2,Normal
0.0129,1508.4,56.33,550995.0,0.4274,7.14,16.7,3.21,9803.8,Abnormal
0.0285,1513.5,47.97,474061.0,0.6107,13.39,21.92,2.19,1645.2,Abnormal
0.0397,1496.3,36.59,359564.0,0.6323,14.25,22.53,3.01,8210.1,Normal
0.0142,1508.6,59.13,575870.0,0.6208,8.24,13.27,2.74,8201.4,Normal
0.0255,1499.7,51.09,503386.0,0.7973,12.81,16.06,1.62,1413.6,Normal
0.0363,1498.6,40.92,397432.0,0.6748,14.58,21.61,2.13,7041.5,Normal
0.0322,1507.1,45.9,449518.0,0.7518,14.51,19.3,3.11,2308.9,Normal
0.0309,1505.2,47.35,465926.0,0.745,14.36,19.27,3.05,16183.9,Normal
0.0311,1487.4,45.6,450352.0,0.7603,13.9,18.28,2.82,18959.0,Normal
0.0208,1511.8,56.12,544714.0,0.7377,11.44,15.51,2.32,1539.1,Normal
0.0188,1511.0,57.39,564805.0,0.7192,10.59,14.72,2.44,19106.8,Normal
0.0343,1495.0,43.09,424841.0,0.7266,14.49,19.94,2.34,10499.3,Normal
0.0343,1503.2,43.02,420679.0,0.7332,14.48,19.75,2.91,6061.4,Normal
0.036,1504.0,39.5,387722.0,0.5874,13.95,23.76,4.33,1629.6,Abnormal
0.0374,1502.1,39.88,383584.0,0.6958,14.63,21.03,2.04,10062.4,Normal
0.0253,1495.6,49.42,477968.0,0.6694,12.29,18.35,3.4,15910.9,Abnormal
0.025,1494.6,50.76,500701.0,0.7648,12.47,16.31,2.38,14171.0,Normal
0.0339,1499.8,41.02,401105.0,0.5931,13.66,23.04,6.18,1099.5,Abnormal
0.0295,1509.4,49.57,485370.0,0.764,14.34,18.77,2.1,1550.7,Normal
0.0311,1504.3,46.69,458633.0,0.781,14.23,18.22,2.38,8117.2,Normal
0.0339,1497.0,43.18,422656.0,0.7285,14.35,19.7,1.98,5976.3,Normal
0.0367,1506.2,40.93,400402.0,0.6774,14.74,21.76,2.4,4724.4,Normal
0.0201,1477.2,53.96,530347.0,0.7264,10.66,14.68,1.73,5692.0,Normal
0.0213,1509.2,55.91,544771.0,0.7552,11.67,15.45,2.18,16089.3,Normal
0.0128,1486.1,57.77,569631.0,0.5733,7.27,12.67,1.75,18591.6,Normal
0.0273,1497.1,50.13,491223.0,0.7722,13.45,17.42,2.71,8161.5,Normal
0.0111,1491.0,59.56,581746.0,0.5418,6.47,11.95,2.72,18131.6,Normal
0.024,1489.6,52.02,507515.0,0.7604,12.23,16.09,1.62,6497.8,Normal
0.0263,1509.3,51.72,507467.0,0.7799,13.33,17.1,3.0,9581.1,Normal
0.0186,1496.3,56.6,554454.0,0.7159,10.32,14.42,3.52,4598.0,Normal
0.0277,1502.8,50.23,488923.0,0.7599,13.66,17.98,2.42,12845.5,Normal
0.0109,1499.6,58.55,572853.0,0.4206,6.27,14.91,5.24,19581.7,Abnormal
0.0111,1503.8,60.66,593005.0,0.5105,6.62,12.96,3.67,12109.5,Normal
0.0347,1500.6,42.77,422710.0,0.7298,14.55,19.94,1.81,7220.5,Normal
0.0208,1489.7,54.35,533519.0,0.7294,11.09,15.21,2.41,12991.6,Normal
0.0138,1508.0,59.61,588649.0,0.6112,8.08,13.21,2.48,2546.1,Normal
0.0257,1496.0,51.13,499793.0,0.7915,12.87,16.27,3.01,17784.3,Normal
0.0331,1487.5,44.21,432990.0,0.7524,14.36,19.08,2.56,10111.4,Normal
0.0165,1496.6,57.36,563677.0,0.6702,9.27,13.83,2.18,9042.1,Normal
0.0287,1512.0,49.17,483870.0,0.7743,13.84,17.87,1.97,11758.7,Normal
0.0126,1506.8,59.86,589019.0,0.5607,7.38,13.15,2.25,12533.2,Normal
0.0116,1497.2,59.71,583579.0,0.5545,6.77,12.2,1.95,1528.3,Normal
0.0259,1497.2,51.53,503403.0,0.7705,13.11,17.02,2.42,13684.1,Normal
0.0262,1497.4,51.07,500083.0,0.7669,13.13,17.13,6.47,4914.4,Abnormal
0.0291,1516.6,46.67,461582.0,0.634,13.33,21.03,5.41,14307.7,Abnormal
0.0318,1503.1,47.02,458752.0,0.7471,14.66,19.62,2.96,16468.4,Normal
0.0393,1503.4,36.23,354068.0,0.5267,13.96,26.5,4.73,16098.8,Abnormal
0.0255,1508.2,52.68,518653.0,0.7604,13.17,17.33,1.83,11094.8,Normal
0.0197,1501.9,55.88,549866.0,0.7198,10.79,15.0,2.32,10451.4,Normal
0.0339,1497.9,43.75,430611.0,0.7311,14.53,19.88,2.43,2943.2,Normal
0.0181,1498.4,56.96,558987.0,0.7027,10.13,14.41,1.61,15529.4,Normal
0.0232,1499.4,53.86,525680.0,0.7765,12.24,15.77,2.55,5501.0,Normal
0.0124,1499.7,59.96,586456.0,0.5678,7.27,12.8,1.93,9984.2,Normal
0.0108,1505.8,60.96,600873.0,0.5091,6.44,12.64,3.17,5757.1,Normal
0.0389,1500.4,37.71,371861.0,0.6339,14.38,22.69,2.64,2763.2,Normal
0.0351,1505.9,40.75,396430.0,0.5755,14.02,24.37,3.28,12628.2,Abnormal
0.0309,1499.4,46.84,461639.0,0.7799,14.19,18.19,2.06,1181.2,Normal
0.0223,1500.6,51.82,511655.0,0.5723,11.32,19.78,3.35,14998.0,Abnormal
0.0152,1484.0,56.98,559096.0,0.6325,8.5,13.43,2.68,6420.0,Normal
0.0147,1507.3,59.55,585207.0,0.6138,8.58,13.98,2.39,102.7,Normal
0.0175,1502.8,57.89,570412.0,0.6709,9.94,14.82,5.37,10271.5,Abnormal
0.0265,1508.0,50.96,498170.0,0.7877,13.24,16.8,2.43,1032.4,Normal
0.0314,1476.8,44.44,441741.0,0.7669,13.7,17.87,2.13,5595.8,Normal
0.0298,1516.7,48.8,481785.0,0.7789,14.27,18.32,2.25,14168.8,Normal
0.0184,1498.9,56.62,556782.0,0.7031,10.22,14.54,1.46,1347.5,Normal
0.0386,1508.9,38.35,376086.0,0.6587,14.54,22.07,2.84,16802.8,Normal
0.0321,1491.7,45.51,447723.0,0.7473,14.35,19.2,2.53,176.0,Normal
0.0266,1504.9,51.15,497922.0,0.7913,13.36,16.89,2.05,5011.8,Normal
0.0284,1491.6,48.6,482012.0,0.7777,13.52,17.38,3.25,14844.0,Normal
0.0226,1495.0,52.9,521816.0,0.7529,11.72,15.57,2.44,6393.8,Normal
0.0174,1515.3,54.32,536536.0,0.5507,9.29,16.87,2.7,2127.7,Abnormal
0.0207,1498.5,55.16,541179.0,0.7442,11.19,15.04,2.79,7268.7,Normal
0.0327,1501.7,44.11,431773.0,0.7508,14.16,18.87,2.58,5480.8,Normal
0.0104,1507.0,61.22,598926.0,0.5014,6.27,12.5,2.58,16870.0,Normal
0.0135,1504.0,57.13,562434.0,0.4866,7.56,15.53,5.28,6335.6,Abnormal
0.0114,1501.2,61.32,600281.0,0.5602,6.85,12.22,2.6,15799.8,Normal
0.0112,1502.9,58.47,573148.0,0.4227,6.44,15.23,3.46,17848.3,Abnormal
0.0357,1519.2,40.19,395620.0,0.6286,14.06,22.37,6.37,8733.0,Abnormal
0.0311,1499.5,46.44,453966.0,0.7641,14.17,18.55,1.54,18207.9,Normal
0.0242,1501.6,53.12,523730.0,0.7842,12.62,16.1,2.2,7608.6,Normal
0.0129,1508.4,60.67,595137.0,0.5847,7.7,13.17,6.79,19285.2,Abnormal
0.0247,1508.8,52.16,507943.0,0.7752,12.66,16.34,6.46,1876.9,Abnormal
0.0242,1509.5,52.58,514139.0,0.7684,12.48,16.25,2.13,13771.7,Normal
0.0152,1505.1,58.45,576708.0,0.6371,8.71,13.68,2.2,9926.9,Normal
0.023,1490.9,53.11,518638.0,0.7258,11.99,16.52,1.85,7814.2,Normal
0.022,1513.1,55.44,546065.0,0.7566,11.94,15.78,1.41,12691.0,Normal
0.0285,1490.8,45.45,446170.0,0.623,12.7,20.38,3.36,14106.8,Abnormal
0.0291,1502.4,48.17,472136.0,0.7948,13.73,17.27,2.46,186.8,Normal
0.0114,1494.0,58.53,580439.0,0.5311,6.52,12.28,2.38,3422.4,Normal
0.0212,1499.5,53.03,516983.0,0.6294,11.05,17.55,4.25,14289.6,Abnormal
0.0288,1502.6,48.59,474828.0,0.7762,13.72,17.67,2.42,13361.1,Normal
0.0251,1502.6,51.3,503149.0,0.7637,12.63,16.53,2.86,19324.3,Normal
0.0357,1503.4,38.25,381286.0,0.5087,13.39,26.33,3.0,15244.7,Abnormal
0.0298,1512.9,48.97,480370.0,0.7757,14.3,18.43,5.71,19020.4,Abnormal
0.0149,1503.6,58.69,576413.0,0.6421,8.57,13.35,5.9,14080.6,Abnormal
0.0121,1498.0,59.31,581015.0,0.5449,7.05,12.94,2.66,6031.2,Normal
0.0293,1507.7,48.72,478879.0,0.7751,13.99,18.05,3.04,2196.8,Normal
0.0108,1509.5,60.75,595298.0,0.4962,6.43,12.97,2.12,15658.3,Normal
0.0276,1490.2,48.65,478953.0,0.7881,13.16,16.7,2.44,12918.6,Normal
0.0382,1504.8,38.6,380645.0,0.6583,14.47,21.98,2.55,1058.9,Normal
0.0273,1505.6,47.64,466809.0,0.6069,12.74,21.0,2.44,7265.0,Abnormal
0.0216,1497.6,54.46,531435.0,0.7508,11.56,15.4,2.41,19140.3,Normal
0.0293,1511.0,49.04,481351.0,0.7796,14.1,18.08,1.74,10058.0,Normal
0.0237,1498.8,52.49,518472.0,0.7885,12.23,15.51,1.6,8711.3,Normal
0.0264,1501.0,50.87,496976.0,0.7762,13.16,16.95,2.57,9208.2,Normal
0.0382,1498.6,37.66,370244.0,0.6529,14.13,21.64,2.23,4256.8,Normal
0.0216,1500.1,54.63,532878.0,0.7371,11.57,15.69,2.49,7437.3,Normal
0.0388,1491.2,38.0,370167.0,0.6269,14.48,23.09,2.39,7459.3,Normal
0.0372,1488.5,38.71,382950.0,0.676,14.11,20.87,1.96,1141.9,Normal
0.0159,1512.8,55.5,546194.0,0.5196,8.64,16.63,3.27,15374.6,Abnormal
0.0121,1493.2,59.26,582200.0,0.5502,7.02,12.76,5.3,8388.4,Abnormal
0.013,1492.1,59.16,574576.0,0.5782,7.56,13.07,5.76,16461.4,Abnormal
0.0105,1482.8,58.67,574128.0,0.4994,6.07,12.15,1.79,17021.9,Normal
0.0128,1494.9,58.68,577208.0,0.5692,7.39,12.98,2.31,4318.7,Normal
0.0305,1489.4,45.68,444452.0,0.7711,13.66,17.72,1.93,13181.3,Normal
0.0121,1513.1,60.73,594918.0,0.537,7.23,13.46,2.66,9498.4,Normal
0.0196,1508.1,57.29,563961.0,0.7391,11.0,14.88,2.25,17615.1,Normal
0.0353,1494.5,39.66,385310.0,0.6029,13.75,22.81,4.9,4393.2,Abnormal
0.0107,1518.0,61.61,600237.0,0.518,6.47,12.48,5.59,13588.5,Abnormal
0.0344,1507.9,43.61,424073.0,0.7085,14.73,20.79,2.41,12194.3,Normal
0.0185,1497.4,56.35,553630.0,0.7137,10.2,14.3,2.63,5976.5,Normal
0.0135,1480.0,57.18,559496.0,0.6037,7.6,12.58,1.96,2818.4,Normal
0.0309,1518.3,45.54,448939.0,0.6838,13.81,20.19,4.81,13067.6,Abnormal
0.0289,1488.9,48.04,471551.0,0.7645,13.6,17.79,6.89,14798.1,Abnormal
0.0363,1486.8,40.18,398881.0,0.6944,14.32,20.62,2.26,6381.0,Normal
0.0321,1508.2,43.95,428009.0,0.5803,13.82,23.81,3.57,12932.2,Abnormal
0.0341,1519.5,45.05,442752.0,0.7256,15.07,20.77,6.79,7963.1,Abnormal
0.0185,1511.1,57.65,563568.0,0.7181,10.44,14.54,2.49,14292.8,Normal
0.0153,1504.5,55.8,548865.0,0.5134,8.39,16.34,5.02,4064.4,Abnormal
0.0325,1504.8,45.77,449284.0,0.7492,14.6,19.49,3.25,17815.3,Normal
0.0342,1506.8,43.48,424018.0,0.7154,14.59,20.39,2.33,5819.5,Normal
0.0397,1506.1,36.75,360112.0,0.6231,14.32,22.98,5.61,7418.9,Abnormal
0.0224,1502.2,53.85,528406.0,0.7585,11.82,15.58,2.02,1256.0,Normal
0.0212,1500.8,54.19,530088.0,0.7174,11.25,15.68,2.54,2319.1,Normal
0.0333,1499.5,44.42,437627.0,0.7491,14.51,19.37,1.81,10365.7,Normal
0.0202,1494.0,54.28,529892.0,0.7329,10.77,14.69,2.6,5425.1,Normal
0.0379,1497.8,34.49,343572.0,0.4871,12.83,26.34,3.04,16726.1,Abnormal
0.0358,1486.5,39.97,394501.0,0.6888,14.02,20.35,2.41,392.4,Normal
0.0229,1499.2,53.54,526108.0,0.7245,12.01,16.58,2.71,7644.0,Normal
0.0325,1492.1,44.54,444037.0,0.7522,14.21,18.89,1.85,6813.2,Normal
0.0326,1491.2,44.3,433806.0,0.7511,14.18,18.88,2.09,484.6,Normal
0.0131,1501.4,58.95,579863.0,0.5627,7.57,13.46,2.61,2574.9,Normal
0.0371,1511.1,40.13,394257.0,0.6648,14.6,21.96,3.34,8331.5,Normal
0.0252,1507.3,52.57,517692.0,0.8096,12.97,16.02,6.46,9908.0,Abnormal
0.0348,1487.4,39.06,386946.0,0.5606,13.33,23.78,3.23,8145.4,Abnormal
0.0196,1492.1,55.39,544758.0,0.733,10.65,14.53,2.35,10665.7,Normal
0.0369,1507.5,40.31,398002.0,0.6731,14.58,21.66,3.27,11943.1,Normal
0.0217,1492.1,53.99,528220.0,0.726,11.48,15.81,1.61,297.5,Normal
0.0103,1498.2,60.67,594669.0,0.4948,6.15,12.42,2.44,9335.5,Normal
0.0372,1504.4,39.24,389044.0,0.5577,14.31,25.65,3.47,19273.6,Abnormal
0.0127,1492.3,55.67,547570.0,0.4522,6.96,15.38,3.84,10428.7,Abnormal
0.0196,1500.8,56.03,550295.0,0.7225,10.76,14.9,2.53,13583.1,Normal
0.0385,1489.3,37.64,367391.0,0.6484,14.22,21.93,2.46,6306.1,Normal
0.0385,1495.2,38.02,375389.0,0.6431,14.37,22.34,2.27,15502.4,Normal
0.0272,1502.6,47.29,461965.0,0.6239,12.62,20.23,6.11,15481.1,Abnormal
0.029,1487.3,47.7,465225.0,0.7819,13.55,17.33,3.79,10473.8,Normal
0.0235,1503.5,53.53,525457.0,0.7438,12.32,16.56,2.28,19522.7,Normal
0.0188,1499.8,55.94,542746.0,0.6868,10.31,15.02,2.63,2598.4,Normal
0.0199,1504.4,55.61,547078.0,0.7369,10.83,14.7,2.11,437.3,Normal
0.0302,1501.8,46.99,461904.0,0.7758,13.91,17.93,2.53,15426.1,Normal
0.0326,1510.9,45.04,440992.0,0.7477,14.39,19.25,2.29,16162.4,Normal
0.0337,1501.0,43.35,424603.0,0.7169,14.35,20.02,2.22,2492.1,Normal
0.0337,1496.6,43.7,428443.0,0.7259,14.44,19.9,3.22,5385.1,Normal
0.0127,1501.0,59.13,578044.0,0.5696,7.39,12.97,2.93,449.3,Normal
0.0248,1504.3,52.64,516874.0,0.7561,12.82,16.96,2.46,5936.8,Normal
0.0117,1500.4,58.55,573704.0,0.3927,6.73,17.15,4.42,15485.5,Abnormal
0.0265,1500.3,50.01,490885.0,0.7876,12.99,16.5,2.24,10407.4,Normal
0.0232,1494.4,53.22,521672.0,0.7828,12.14,15.5,3.62,7027.1,Normal
0.0366,1494.7,40.57,397099.0,0.6805,14.58,21.42,2.3,7497.6,Normal
0.0205,1488.8,54.04,530797.0,0.7464,10.88,14.58,2.9,126.9,Normal
0.0135,1514.0,60.35,594031.0,0.5717,8.0,13.99,3.05,6066.0,Normal
0.0143,1490.0,57.61,563877.0,0.6234,8.08,12.96,2.5,12964.5,Normal
0.0328,1494.5,44.45,437023.0,0.7356,14.32,19.47,5.6,19486.5,Abnormal
0.0285,1494.3,48.08,472976.0,0.7813,13.46,17.23,1.3,16956.5,Normal
0.013,1507.2,59.13,576875.0,0.5784,7.56,13.07,2.71,569.5,Normal
0.0125,1497.6,59.15,582708.0,0.5824,7.27,12.48,4.06,17981.4,Abnormal
0.031,1510.0,47.17,467858.0,0.753,14.36,19.07,2.48,15685.6,Normal
0.0122,1494.6,59.04,578948.0,0.5639,7.06,12.51,1.84,15629.5,Normal
0.0347,1502.2,40.9,400808.0,0.5743,13.91,24.21,5.62,9214.1,Abnormal
0.0312,1493.3,45.86,449402.0,0.7602,14.03,18.46,2.42,8020.3,Normal
0.0124,1517.2,61.0,599974.0,0.5619,7.44,13.25,2.52,6128.0,Normal
0.0125,1490.5,56.89,559339.0,0.4262,7.0,16.43,2.46,1407.3,Abnormal
0.0396,1502.5,35.57,344995.0,0.5345,13.82,25.86,5.83,4641.9,Abnormal
0.0212,1505.1,54.89,536333.0,0.7453,11.43,15.34,2.13,5007.4,Normal
0.0211,1503.3,55.57,546456.0,0.7477,11.51,15.4,1.65,9733.1,Normal
0.0344,1498.5,42.53,416840.0,0.7255,14.35,19.77,4.83,14974.1,Abnormal
0.0384,1499.0,38.53,375039.0,0.6568,14.52,22.11,2.42,9528.8,Normal
0.0396,1500.4,37.42,370888.0,0.6299,14.53,23.07,2.47,1251.1,Normal
0.0326,1498.8,45.12,440591.0,0.7354,14.43,19.62,3.01,19160.0,Normal
0.0213,1507.7,53.4,523990.0,0.6259,11.15,17.82,4.69,18860.2,Abnormal
0.0125,1517.7,60.7,595017.0,0.5518,7.45,13.49,2.35,15725.3,Normal
0.0333,1495.5,44.39,432810.0,0.7464,14.51,19.44,1.9,19827.4,Normal
0.0268,1489.0,49.24,483547.0,0.7874,12.92,16.41,2.77,10935.2,Normal
0.0227,1499.3,53.3,523827.0,0.7385,11.88,16.09,2.48,19259.1,Normal
0.0372,1520.6,40.82,399229.0,0.6753,14.89,22.05,2.21,1604.5,Normal
0.0133,1493.6,59.14,579357.0,0.5842,7.74,13.24,1.54,7377.0,Normal
0.0248,1513.1,53.24,523828.0,0.7659,12.94,16.9,3.05,4585.1,Normal
0.0103,1513.4,60.99,593331.0,0.5135,6.19,12.05,1.85,3997.1,Normal
0.0241,1495.6,49.45,482949.0,0.658,11.67,17.74,2.74,2902.0,Abnormal
0.0117,1504.6,59.93,588463.0,0.5316,6.87,12.93,5.21,12486.0,Abnormal
0.0136,1513.0,59.8,585344.0,0.5971,7.96,13.33,6.01,15648.3,Abnormal
0.0135,1497.0,59.23,579652.0,0.6033,7.86,13.03,1.73,11608.1,Normal
0.0295,1498.4,47.45,467692.0,0.7721,13.72,17.77,1.44,3024.6,Normal
0.0324,1495.3,45.59,445621.0,0.7645,14.48,18.94,2.72,16241.4,Normal
0.0275,1491.9,49.69,492424.0,0.7861,13.41,17.05,2.15,12755.5,Normal
0.0389,1494.8,38.01,368460.0,0.6105,14.49,23.74,3.72,7824.5,Normal
0.0212,1490.2,53.88,523029.0,0.7399,11.23,15.18,1.95,13515.2,Normal
0.0186,1500.3,56.44,555896.0,0.7009,10.28,14.67,1.99,5272.1,Normal
0.0361,1493.8,40.29,392748.0,0.7022,14.25,20.29,2.15,6969.3,Normal
0.0167,1501.9,57.47,561336.0,0.6406,9.42,14.7,5.11,18358.0,Abnormal
0.0389,1487.6,37.37,369019.0,0.6664,14.26,21.39,2.19,5881.0,Normal
0.0104,1502.6,61.01,597290.0,0.5045,6.2,12.3,6.36,9452.8,Abnormal
0.0391,1506.7,34.83,343972.0,0.4633,13.36,28.84,3.12,17813.8,Abnormal
0.0113,1484.1,58.54,572794.0,0.543,6.49,11.95,1.78,14183.7,Normal
0.0367,1503.0,40.51,398313.0,0.7116,14.6,20.51,1.59,1337.8,Normal
0.0258,1509.8,49.68,486044.0,0.6576,12.59,19.14,5.3,3031.3,Abnormal
0.0398,1490.3,36.43,355122.0,0.6248,14.22,22.76,2.17,256.0,Normal
0.0122,1513.4,60.39,596770.0,0.5589,7.24,12.95,2.26,12655.3,Normal
0.0266,1503.4,50.81,501279.0,0.7782,13.27,17.05,2.12,9008.7,Normal
0.0391,1494.4,37.1,362159.0,0.6257,14.22,22.73,2.96,2772.1,Normal
0.0257,1499.6,47.34,463939.0,0.5721,11.93,20.85,3.57,19162.9,Abnormal
0.0289,1504.5,48.94,483799.0,0.7681,13.87,18.05,2.25,10640.2,Normal
0.0309,1500.6,46.7,455675.0,0.7485,14.14,18.9,1.59,4913.7,Normal
0.0236,1504.3,50.31,491218.0,0.6365,11.67,18.33,4.17,10062.0,Abnormal
0.0288,1492.6,46.35,455829.0,0.6348,13.11,20.65,3.96,13624.4,Abnormal
0.0275,1501.4,50.09,497079.0,0.782,13.53,17.3,2.1,1617.2,Normal
0.037,1488.7,40.11,393658.0,0.677,14.57,21.53,2.09,5566.6,Normal
0.0114,1499.1,59.92,590428.0,0.5327,6.68,12.54,2.11,16158.6,Normal
0.0184,1492.8,56.42,550940.0,0.6989,10.2,14.59,2.23,9247.3,Normal
0.0385,1494.1,37.41,367925.0,0.6819,14.13,20.73,2.11,10976.9,Normal
0.0367,1509.9,41.04,401689.0,0.7003,14.78,21.1,2.49,8713.0,Normal
0.0237,1508.7,53.22,526717.0,0.7538,12.36,16.39,2.56,973.6,Normal
0.0286,1504.9,48.64,481121.0,0.7802,13.65,17.49,1.99,3398.4,Normal
0.0183,1491.3,55.68,551876.0,0.696,10.01,14.38,2.97,8966.3,Normal
0.0156,1497.5,58.37,570825.0,0.6365,8.96,14.07,1.96,4262.8,Normal
0.0239,1509.7,53.92,529028.0,0.7542,12.65,16.77,1.67,1094.6,Normal
0.0206,1501.1,53.75,528237.0,0.6412,10.86,16.94,3.01,16888.6,Abnormal
0.0275,1518.6,49.35,482482.0,0.6352,13.32,20.97,5.26,19625.7,Abnormal
0.0123,1503.1,59.74,586361.0,0.5725,7.23,12.62,2.54,15883.5,Normal
0.0392,1501.5,37.57,370845.0,0.6395,14.46,22.61,1.32,17090.3,Normal
0.0396,1497.5,34.4,336044.0,0.5196,13.36,25.71,3.82,4915.3,Abnormal
0.0309,1501.1,46.01,449577.0,0.7539,13.97,18.53,2.7,19216.5,Normal
0.0261,1498.8,50.68,495204.0,0.7848,12.97,16.52,1.72,4018.8,Normal
0.0193,1505.7,54.16,527913.0,0.585,10.25,17.51,2.16,19033.5,Abnormal
0.0344,1507.7,43.71,430890.0,0.7183,14.76,20.54,3.15,19896.9,Normal
0.0305,1493.7,43.02,420243.0,0.6488,12.89,19.87,2.65,14263.3,Abnormal
0.0149,1489.4,54.89,536487.0,0.5362,8.01,14.94,3.18,19624.8,Abnormal
0.0373,1485.3,38.99,383809.0,0.6741,14.28,21.18,1.38,11433.8,Normal
0.0347,1504.1,43.33,425070.0,0.7276,14.74,20.26,2.24,5264.9,Normal
0.0385,1491.2,36.45,356290.0,0.5326,13.77,25.85,5.04,8796.2,Abnormal
0.0318,1482.8,45.04,443822.0,0.7422,14.04,18.91,2.72,11911.9,Normal
0.0284,1503.1,48.98,479046.0,0.7712,13.65,17.7,1.77,1554.3,Normal
0.0225,1519.9,52.25,507173.0,0.6413,11.56,18.02,2.46,12484.6,Abnormal
0.038,1500.0,35.9,355555.0,0.5157,13.38,25.94,5.87,19625.4,Abnormal
0.036,1506.7,42.06,410494.0,0.6977,14.84,21.28,2.85,3883.1,Normal
0.0114,1500.7,59.55,582342.0,0.3718,6.63,17.84,4.8,15872.6,Abnormal
0.0108,1499.2,60.36,590322.0,0.499,6.39,12.81,2.89,18167.2,Normal
0.0213,1507.4,55.45,544161.0,0.7549,11.58,15.35,2.42,18879.7,Normal
0.0343,1497.7,43.18,422874.0,0.7327,14.54,19.84,2.89,19206.7,Normal
0.0396,1502.1,36.77,363175.0,0.6131,14.29,23.31,2.37,10477.0,Normal
0.0145,1502.6,58.78,580740.0,0.609,8.37,13.74,1.26,19548.4,Normal
0.0278,1494.7,49.93,488095.0,0.767,13.63,17.77,2.33,15170.5,Normal
0.0214,1507.9,54.86,535804.0,0.7439,11.53,15.5,2.88,3317.3,Normal
0.0391,1498.6,38.12,372634.0,0.6387,14.62,22.89,6.42,9590.3,Abnormal
0.0353,1494.0,38.51,378851.0,0.603,13.32,22.09,3.2,14394.8,Abnormal
0.0351,1504.3,43.0,421578.0,0.7064,14.83,20.99,2.32,5022.1,Normal
0.0241,1492.8,51.67,505635.0,0.7574,12.2,16.1,1.2,12848.2,Normal
0.0224,1500.2,54.19,528366.0,0.7621,11.93,15.66,5.27,13365.3,Abnormal
0.0182,1499.9,56.4,547749.0,0.6913,10.07,14.57,1.99,3337.7,Normal
0.0117,1508.7,56.13,548158.0,0.3395,6.44,18.96,3.39,11345.2,Abnormal
0.0359,1503.8,41.63,411533.0,0.7145,14.68,20.54,2.36,15455.4,Normal
0.0344,1499.8,43.47,427558.0,0.7343,14.66,19.97,2.97,10028.0,Normal
0.04,1506.5,36.39,356518.0,0.61,14.28,23.41,2.58,340.9,Normal
0.0399,1511.1,36.47,359625.0,0.5953,14.28,23.98,2.29,279.9,Normal
0.0267,1504.5,50.89,496014.0,0.7824,13.31,17.01,2.0,7204.9,Normal
0.0331,1500.1,41.75,409705.0,0.639,13.54,21.2,3.79,18531.3,Abnormal
0.0383,1489.5,38.16,369882.0,0.6444,14.35,22.27,1.56,4650.7,Normal
0.0355,1491.5,41.75,410469.0,0.7228,14.54,20.11,2.69,12723.8,Normal
0.0174,1497.6,56.93,559179.0,0.702,9.73,13.86,1.91,4519.3,Normal
0.0235,1495.1,53.55,526023.0,0.7876,12.35,15.68,2.96,6501.2,Normal
0.0139,1498.5,56.05,552755.0,0.4656,7.63,16.39,2.89,16976.0,Abnormal
0.0386,1500.5,38.02,374902.0,0.6495,14.4,22.18,2.69,14604.3,Normal
0.0282,1504.2,48.92,476920.0,0.7955,13.53,17.0,2.44,1998.4,Normal
0.0169,1499.4,57.3,565109.0,0.6806,9.48,13.92,1.61,8631.2,Normal
0.0302,1503.9,47.57,466105.0,0.7639,14.07,18.42,2.01,680.5,Normal
0.0285,1500.5,49.38,479510.0,0.7722,13.83,17.91,2.7,9669.7,Normal
0.0207,1484.2,54.14,530882.0,0.743,11.02,14.83,2.47,13282.4,Normal
0.0134,1492.5,58.06,571201.0,0.5763,7.64,13.25,2.93,2458.2,Normal
0.0301,1498.8,47.45,462992.0,0.7682,14.03,18.27,2.58,5848.8,Normal
0.0256,1490.3,51.11,504749.0,0.7912,12.84,16.23,1.96,8016.9,Normal
0.0332,1504.8,42.81,417688.0,0.5619,13.93,24.79,2.94,18398.7,Abnormal
0.0256,1512.2,52.71,515880.0,0.7964,13.24,16.62,2.45,19865.8,Normal
0.0356,1509.8,42.61,416348.0,0.7187,14.87,20.68,1.36,993.7,Normal
0.0266,1498.3,50.62,492350.0,0.7743,13.19,17.03,3.15,15244.1,Normal
0.0268,1511.9,51.45,502195.0,0.7865,13.54,17.22,2.6,7497.3,Normal
0.0363,1501.2,41.48,405160.0,0.692,14.77,21.35,2.95,7909.9,Normal
0.0221,1497.3,51.91,508906.0,0.5794,11.26,19.43,2.53,15109.9,Abnormal
0.014,1495.1,58.33,564719.0,0.6202,8.02,12.94,2.96,18376.7,Normal
0.0109,1497.6,59.61,586555.0,0.498,6.35,12.76,3.4,19023.5,Normal
0.0327,1496.9,43.02,423839.0,0.5968,13.78,23.09,2.35,11584.7,Abnormal
0.0286,1501.4,49.49,488403.0,0.7749,13.89,17.92,2.75,7206.7,Normal
0.0311,1501.3,46.34,450898.0,0.7637,14.15,18.53,2.4,15772.2,Normal
0.0164,1500.0,56.75,555968.0,0.6566,9.12,13.9,1.71,5094.9,Normal
0.0141,1503.5,58.93,580483.0,0.6313,8.15,12.91,2.62,11325.1,Normal
0.0104,1509.5,61.39,604809.0,0.513,6.29,12.25,6.99,7235.7,Abnormal
0.0205,1507.6,56.04,553456.0,0.7283,11.28,15.49,2.13,13167.0,Normal
0.0277,1488.1,49.11,482049.0,0.7635,13.34,17.48,7.12,4883.9,Abnormal
0.0218,1479.6,52.83,518167.0,0.7475,11.28,15.09,1.65,3912.7,Normal
0.0231,1507.5,53.47,520613.0,0.7699,12.13,15.75,1.73,18373.0,Normal
0.0371,1489.1,39.57,390881.0,0.6785,14.41,21.24,2.46,2125.9,Normal
0.0204,1498.2,51.2,501079.0,0.6386,10.27,16.08,3.29,10168.6,Abnormal
0.0254,1490.6,51.89,509148.0,0.7869,12.94,16.44,2.08,4495.0,Normal
0.0335,1485.6,43.42,425864.0,0.7485,14.27,19.07,2.76,874.7,Normal
0.0219,1504.3,54.41,527784.0,0.7574,11.69,15.43,2.64,816.8,Normal
0.0287,1506.1,49.01,478731.0,0.7605,13.78,18.12,2.79,3586.9,Normal
0.0359,1495.4,41.12,404532.0,0.6975,14.47,20.75,2.34,17348.7,Normal
0.0385,1479.3,37.15,364366.0,0.6584,14.03,21.31,2.67,5721.3,Normal
0.0144,1495.6,58.78,577806.0,0.618,8.31,13.45,6.24,19014.1,Abnormal
0.0378,1503.1,37.6,370850.0,0.5574,13.94,25.01,5.33,11674.3,Abnormal
0.0248,1488.2,49.36,482170.0,0.6143,11.99,19.52,3.98,8788.6,Abnormal
0.0177,1501.5,57.83,566006.0,0.6804,10.07,14.8,3.35,11643.8,Normal
0.0238,1499.9,52.97,519261.0,0.7679,12.35,16.09,2.42,10382.3,Normal
0.0394,1504.6,37.7,371756.0,0.6271,14.57,23.24,1.78,15199.6,Normal
0.0248,1501.0,52.0,509531.0,0.7671,12.64,16.48,3.02,5721.7,Normal
0.0199,1492.2,52.9,514470.0,0.6128,10.31,16.82,4.4,7125.7,Abnormal
0.029,1509.6,49.29,483021.0,0.7646,14.02,18.34,2.78,17892.5,Normal
0.0172,1498.7,54.9,540378.0,0.5926,9.27,15.63,6.21,18934.5,Abnormal
0.0123,1499.8,58.01,572470.0,0.3984,6.99,17.53,6.09,17861.9,Abnormal
0.0139,1492.5,58.85,578066.0,0.6217,8.01,12.88,2.13,8447.0,Normal
0.0138,1496.5,55.66,542303.0,0.4986,7.56,15.16,6.62,15629.3,Abnormal
0.0146,1492.9,57.62,564204.0,0.6213,8.23,13.24,2.4,9579.1,Normal
0.0142,1498.6,55.92,549714.0,0.5039,7.77,15.42,5.49,10001.0,Abnormal
0.0292,1513.7,49.25,485351.0,0.7499,14.12,18.83,1.43,4173.1,Normal
0.0155,1489.0,57.47,565064.0,0.6266,8.71,13.91,2.6,11863.5,Normal
0.0204,1487.1,54.49,533907.0,0.7187,10.89,15.15,2.11,3804.1,Normal
0.0369,1511.8,41.05,404806.0,0.6966,14.86,21.33,3.14,6698.1,Normal
0.0242,1498.3,53.08,519081.0,0.7735,12.61,16.3,2.68,17115.1,Normal
0.03,1494.6,47.46,466070.0,0.7753,13.98,18.03,2.51,4220.8,Normal
0.0152,1508.3,58.55,576220.0,0.6108,8.71,14.26,2.62,1516.0,Normal
0.0158,1495.2,58.19,572309.0,0.6371,9.0,14.13,1.95,1473.3,Normal
0.0112,1514.6,61.81,607892.0,0.5372,6.81,12.67,3.13,18821.6,Normal
0.0151,1505.4,60.05,590534.0,0.6384,8.88,13.9,3.3,10187.7,Normal
0.0184,1496.1,55.86,545407.0,0.7022,10.06,14.33,2.58,8247.3,Normal
0.0153,1517.3,59.69,585650.0,0.6476,8.97,13.84,3.12,16236.5,Normal
0.0127,1495.2,58.22,568855.0,0.5902,7.23,12.25,2.14,16732.9,Normal
0.0136,1505.9,59.72,585147.0,0.595,7.98,13.41,2.04,6710.6,Normal
0.0238,1502.4,52.87,515722.0,0.7706,12.36,16.04,2.42,13903.0,Normal
0.0162,1510.4,59.38,583390.0,0.6633,9.43,14.22,2.6,15445.3,Normal
0.0209,1512.5,55.6,540544.0,0.7712,11.42,14.8,2.22,13127.5,Normal
0.0251,1500.3,51.26,504403.0,0.7511,12.62,16.81,2.64,3116.7,Normal
0.0307,1494.0,46.34,454671.0,0.7742,13.96,18.04,2.54,17530.1,Normal
0.0112,1503.7,59.5,588498.0,0.5237,6.53,12.46,4.67,10828.0,Abnormal
0.034,1494.6,43.51,426318.0,0.7371,14.5,19.68,2.63,5721.2,Normal
0.0288,1516.1,48.92,479395.0,0.7687,13.84,18.0,2.79,8562.0,Normal
0.0125,1501.1,59.62,586549.0,0.5639,7.28,12.92,2.48,847.7,Normal
0.0362,1497.1,40.03,392363.0,0.7022,14.22,20.25,2.92,2644.5,Normal
0.0376,1501.5,39.3,386198.0,0.7023,14.51,20.65,1.85,15334.4,Normal
0.0118,1489.2,59.56,586786.0,0.5554,6.91,12.45,2.61,100.2,Normal
0.0183,1492.2,56.2,550622.0,0.6928,10.09,14.57,1.87,8389.7,Normal
0.0342,1509.6,43.51,429839.0,0.7223,14.59,20.2,1.9,10498.0,Normal
0.0324,1494.7,44.83,435545.0,0.7443,14.27,19.17,2.12,1187.2,Normal
0.0155,1491.6,57.5,568065.0,0.6246,8.76,14.03,1.98,19464.3,Normal
0.0163,1504.3,58.28,567249.0,0.659,9.31,14.12,2.15,4599.9,Normal
0.0211,1509.5,55.02,543092.0,0.7535,11.4,15.12,2.3,6153.6,Normal
0.0245,1505.8,53.01,515336.0,0.7585,12.76,16.82,2.78,6148.5,Normal
0.0285,1508.0,48.4,479759.0,0.7901,13.55,17.15,4.96,4685.3,Abnormal
0.0211,1493.9,54.2,532147.0,0.75,11.2,14.94,1.69,129.3,Normal
0.0239,1488.6,51.88,506627.0,0.7612,12.15,15.96,5.09,14614.0,Abnormal
0.0324,1512.0,46.16,457478.0,0.7483,14.68,19.62,2.02,19340.2,Normal
0.0111,1497.4,59.83,584221.0,0.5417,6.52,12.03,2.37,4563.4,Normal
0.0176,1498.0,56.34,552168.0,0.6983,9.71,13.91,2.6,13294.6,Normal
0.0314,1510.6,46.49,462553.0,0.7604,14.32,18.83,2.49,14863.7,Normal
0.0369,1504.4,38.27,376378.0,0.5719,13.84,24.19,5.34,16983.7,Abnormal
0.0254,1503.6,51.94,504446.0,0.7781,12.92,16.6,2.62,8510.3,Normal
0.026,1517.3,52.17,511127.0,0.7728,13.29,17.2,2.01,6128.3,Normal
0.0132,1494.9,58.61,574037.0,0.5612,7.6,13.54,3.38,6573.4,Normal
0.0234,1507.4,54.03,530494.0,0.7915,12.41,15.69,2.49,14281.2,Normal
0.026,1500.5,51.03,500453.0,0.7808,13.0,16.65,2.33,16353.9,Normal
0.0173,1502.1,57.35,564012.0,0.6884,9.72,14.12,2.83,3714.1,Normal
0.0181,1512.2,58.57,570739.0,0.6982,10.39,14.88,2.51,7481.7,Normal
0.0213,1504.1,54.46,532841.0,0.7383,11.39,15.43,4.98,18048.6,Abnormal
0.0106,1504.3,59.81,587486.0,0.5039,6.22,12.34,3.52,16153.2,Normal
0.0197,1508.6,56.77,554989.0,0.706,10.95,15.51,2.28,19698.7,Normal
0.0163,1497.1,57.23,564169.0,0.6917,9.18,13.27,2.26,15109.5,Normal
0.0198,1493.3,53.64,524389.0,0.5619,10.43,18.57,5.27,7924.6,Abnormal
0.0136,1491.6,58.08,570075.0,0.5845,7.74,13.25,2.88,11853.7,Normal
0.0367,1484.3,36.93,362038.0,0.5875,13.3,22.64,5.28,13254.2,Abnormal
0.0278,1516.4,51.36,501320.0,0.7948,14.01,17.63,1.52,1661.3,Normal
0.0304,1491.2,44.31,434847.0,0.6349,13.2,20.79,3.96,10935.5,Abnormal
0.0337,1498.2,43.08,419334.0,0.5873,14.23,24.23,5.51,14215.5,Abnormal
0.025,1497.8,51.32,502314.0,0.7908,12.56,15.89,2.21,3429.7,Normal
0.0126,1502.5,59.19,580744.0,0.5778,7.32,12.67,2.63,15634.6,Normal
0.0261,1506.5,47.6,463370.0,0.6509,12.19,18.73,2.92,11717.1,Abnormal
0.0276,1506.9,49.94,491486.0,0.7882,13.52,17.16,5.0,19049.2,Abnormal
0.0324,1495.3,45.34,445473.0,0.7794,14.4,18.47,2.43,944.2,Normal
0.0229,1498.7,53.68,527972.0,0.7895,12.09,15.31,2.79,5380.0,Normal
0.0138,1502.3,59.03,579091.0,0.595,8.01,13.46,1.64,12070.9,Normal
0.0185,1498.0,56.36,549989.0,0.7261,10.24,14.1,6.92,6001.5,Abnormal
0.0209,1512.9,55.69,546297.0,0.7466,11.41,15.29,2.77,14317.0,Normal
0.0294,1503.9,48.53,477598.0,0.7802,13.98,17.92,7.03,15204.2,Abnormal
0.0271,1505.9,47.71,465073.0,0.6189,12.7,20.51,3.55,2140.1,Abnormal
0.0207,1505.3,54.9,535790.0,0.7373,11.14,15.11,3.39,10325.7,Normal
0.0396,1509.4,37.5,367246.0,0.6087,14.57,23.93,2.24,10226.9,Normal
0.0282,1501.4,47.34,463520.0,0.6731,13.09,19.44,3.11,7448.7,Abnormal
0.0171,1489.6,54.59,535497.0,0.4941,9.17,18.55,2.8,18665.2,Abnormal
0.0131,1503.2,59.81,585977.0,0.557,7.66,13.75,6.8,16567.4,Abnormal
0.0146,1494.8,59.32,582285.0,0.6228,8.49,13.63,3.09,13974.5,Normal
0.0174,1495.8,56.8,560302.0,0.6992,9.68,13.85,1.79,14315.1,Normal
0.0148,1504.7,56.72,557782.0,0.5058,8.25,16.31,4.04,9288.2,Abnormal
0.0156,1509.9,55.61,545679.0,0.5297,8.51,16.06,6.22,18427.8,Abnormal
0.0186,1500.2,56.58,552263.0,0.7115,10.3,14.47,2.86,13922.4,Normal
0.0152,1502.5,58.68,573837.0,0.6423,8.75,13.62,2.24,14606.7,Normal
0.0369,1513.6,41.02,404531.0,0.6769,14.85,21.94,2.78,17247.6,Normal
0.0124,1501.9,59.28,580387.0,0.5485,7.22,13.15,6.55,5554.0,Abnormal
0.0257,1520.8,50.71,495079.0,0.5787,12.8,22.13,4.02,16160.7,Abnormal
0.0223,1504.5,54.95,544267.0,0.7661,12.03,15.7,2.43,3985.3,Normal
0.0395,1485.9,36.56,362451.0,0.6218,14.16,22.77,2.86,6972.3,Normal
0.0134,1506.0,57.22,560973.0,0.4897,7.5,15.32,6.58,6778.6,Abnormal
0.0219,1503.0,54.43,531226.0,0.7488,11.71,15.64,2.67,19572.7,Normal
0.0391,1510.3,34.85,343735.0,0.4987,13.36,26.8,3.46,17145.1,Abnormal
0.036,1505.4,41.71,407978.0,0.7107,14.72,20.71,2.73,14053.3,Normal
0.0345,1498.9,42.5,419135.0,0.7185,14.39,20.03,5.5,14568.4,Abnormal
0.0177,1490.2,53.7,525554.0,0.5482,9.34,17.04,6.21,11285.2,Abnormal
0.0151,1498.3,57.81,571252.0,0.6453,8.58,13.29,2.48,18947.1,Normal
0.0301,1493.2,46.86,458395.0,0.768,13.82,17.99,2.28,9975.5,Normal
0.0379,1495.4,38.87,387271.0,0.6598,14.45,21.9,2.02,7672.3,Normal
0.0267,1504.7,51.03,501075.0,0.7992,13.37,16.73,2.89,3344.4,Normal
0.0271,1513.4,47.75,471852.0,0.6251,12.72,20.34,3.59,15745.5,Abnormal
0.0184,1503.2,57.24,560208.0,0.7081,10.33,14.59,2.18,14715.4,Normal
0.0331,1490.4,44.15,429828.0,0.7281,14.33,19.68,2.66,7748.7,Normal
0.0156,1503.6,58.09,564142.0,0.6453,8.9,13.79,1.72,601.3,Normal
0.0197,1509.6,55.88,551407.0,0.7332,10.81,14.74,2.48,16796.0,Normal
0.0228,1495.1,53.3,523070.0,0.7431,11.9,16.02,2.6,327.2,Normal
0.0252,1498.9,48.59,473575.0,0.5865,12.03,20.51,3.89,14103.6,Abnormal
0.0173,1500.1,57.28,565221.0,0.6848,9.71,14.17,2.05,19408.1,Normal
0.0134,1493.7,58.47,576467.0,0.5934,7.71,13.0,1.82,8809.5,Normal
0.0283,1505.2,48.71,481267.0,0.7907,13.53,17.11,2.0,4776.0,Normal
0.0187,1499.0,53.67,523148.0,0.5935,9.82,16.55,2.38,14126.9,Abnormal
0.0274,1503.4,50.06,494173.0,0.7975,13.47,16.89,5.28,16360.9,Abnormal
0.0146,1492.9,58.28,572640.0,0.6122,8.36,13.66,3.1,10974.0,Normal
0.0244,1496.5,51.92,512941.0,0.7749,12.45,16.06,2.54,19344.0,Normal
0.026,1505.8,49.43,486230.0,0.6351,12.6,19.83,3.51,1128.2,Abnormal
0.0116,1497.0,58.86,577862.0,0.5242,6.67,12.73,2.46,10145.4,Normal
0.0201,1513.8,57.09,563196.0,0.743,11.26,15.15,2.36,14397.2,Normal
0.014,1496.8,58.51,576104.0,0.6366,8.05,12.65,2.25,17266.5,Normal
0.0119,1501.8,60.22,593471.0,0.5476,7.03,12.84,6.46,3667.2,Abnormal
0.0397,1507.5,36.17,353573.0,0.4639,14.08,30.36,5.48,16020.1,Abnormal
0.0197,1488.7,55.42,543276.0,0.7263,10.7,14.73,2.52,11098.9,Normal
0.0343,1485.9,40.1,389051.0,0.5929,13.49,22.76,5.74,7991.4,Abnormal
0.0176,1487.8,55.66,544606.0,0.6689,9.63,14.4,2.74,2721.1,Normal
0.0304,1510.1,48.38,476536.0,0.7594,14.45,19.02,2.44,17319.4,Normal
0.0328,1495.6,44.47,437669.0,0.729,14.31,19.63,2.33,3229.7,Normal
0.0279,1520.5,51.02,498092.0,0.7997,13.95,17.44,2.01,6264.8,Normal
0.0241,1495.5,52.85,521644.0,0.7703,12.52,16.25,2.43,5871.9,Normal
0.0224,1501.5,52.65,523895.0,0.6216,11.55,18.57,4.67,17441.1,Abnormal
0.0205,1512.3,56.45,551516.0,0.7472,11.33,15.17,1.89,13486.8,Normal
0.0379,1516.0,39.64,388338.0,0.6458,14.73,22.81,2.44,15954.0,Normal
0.0349,1516.5,43.38,423981.0,0.7069,14.86,21.02,2.5,5084.3,Normal
0.039,1509.7,38.24,374918.0,0.6354,14.61,23.0,4.42,12535.0,Abnormal
0.0137,1508.2,57.91,568783.0,0.5158,7.8,15.12,4.65,11477.7,Abnormal
0.0319,1504.7,45.67,446273.0,0.7613,14.3,18.79,5.99,16673.3,Abnormal
0.0382,1506.2,37.72,369301.0,0.503,14.12,28.06,2.3,18131.1,Abnormal
0.0154,1495.6,58.2,571161.0,0.6448,8.81,13.67,2.56,341.9,Normal
0.012,1493.5,59.15,581470.0,0.5555,6.96,12.53,2.0,13513.0,Normal
0.0322,1500.0,41.77,413404.0,0.5558,13.21,23.76,3.59,1131.5,Abnormal
0.0272,1498.6,49.92,489719.0,0.7676,13.34,17.38,6.92,11022.3,Abnormal
0.0353,1496.4,42.45,415057.0,0.7111,14.68,20.65,2.01,5823.9,Normal
0.0142,1505.6,59.13,581847.0,0.6001,8.23,13.72,2.64,6204.9,Normal
0.0339,1507.6,44.2,434572.0,0.7331,14.68,20.03,4.29,7123.9,Abnormal
0.016,1500.7,58.39,572343.0,0.6521,9.19,14.1,2.87,12463.7,Normal
0.0149,1511.8,59.06,580562.0,0.6616,8.64,13.06,1.83,6747.6,Normal
0.0149,1490.9,58.35,571441.0,0.6311,8.54,13.54,2.62,14680.7,Normal
0.0344,1498.5,42.32,413875.0,0.7068,14.3,20.23,2.01,8150.1,Normal
0.03,1494.3,47.93,465451.0,0.7695,14.09,18.3,2.31,1460.2,Normal
0.0257,1485.1,47.46,464775.0,0.6239,11.96,19.17,2.36,15696.8,Abnormal
0.0208,1499.3,54.96,534706.0,0.7605,11.19,14.72,2.77,5786.6,Normal
0.0363,1499.0,40.09,391677.0,0.6845,14.28,20.86,2.02,8712.1,Normal
0.0218,1512.1,55.11,542125.0,0.7332,11.77,16.06,2.65,13740.3,Normal
0.0345,1505.0,42.83,416417.0,0.7325,14.5,19.79,2.25,6715.9,Normal
0.0232,1491.8,52.58,515360.0,0.7485,11.95,15.97,2.35,1226.1,Normal
0.0213,1514.8,55.77,547250.0,0.7418,11.66,15.72,2.47,7541.0,Normal
0.0239,1509.8,53.95,528650.0,0.767,12.64,16.48,2.06,18894.5,Normal
0.019,1504.7,55.1,539339.0,0.5883,10.29,17.5,3.31,12870.5,Abnormal
0.0324,1498.2,45.19,444113.0,0.7583,14.38,18.96,3.09,13462.4,Normal
0.0251,1492.3,50.97,501139.0,0.768,12.54,16.33,2.05,12682.4,Normal
0.017,1497.0,56.81,557352.0,0.6742,9.46,14.03,2.93,4059.9,Normal
0.037,1508.7,41.3,404067.0,0.6782,14.98,22.09,3.07,8424.8,Normal
0.0215,1515.1,53.74,529385.0,0.6136,11.34,18.49,3.16,15043.7,Abnormal
0.0263,1512.3,52.43,511078.0,0.7807,13.53,17.33,1.75,2117.3,Normal
0.0372,1496.1,37.86,373135.0,0.5626,13.81,24.55,5.72,5629.3,Abnormal
0.0287,1491.0,48.22,474047.0,0.7871,13.59,17.26,2.15,5598.8,Normal
0.0135,1501.1,59.6,585154.0,0.5993,7.9,13.18,3.24,8697.2,Normal
0.0382,1485.9,38.44,377084.0,0.6578,14.4,21.9,2.42,19609.3,Normal
0.0288,1502.6,48.82,474237.0,0.7576,13.81,18.23,2.04,1443.3,Normal
0.02,1498.8,55.33,546226.0,0.7314,10.88,14.88,1.88,10422.1,Normal
0.0142,1496.3,58.47,575682.0,0.6183,8.13,13.15,2.89,3669.4,Normal
0.0338,1487.2,43.09,420344.0,0.7414,14.3,19.29,4.74,19416.5,Abnormal
0.0286,1504.1,49.54,487840.0,0.7691,13.9,18.07,2.42,2354.7,Normal
0.026,1495.7,50.89,499724.0,0.7711,12.98,16.84,2.83,8131.7,Normal
0.0368,1490.6,40.06,391516.0,0.675,14.47,21.44,2.18,14783.9,Normal
0.0337,1477.0,43.2,426730.0,0.7413,14.26,19.24,2.38,14120.6,Normal
0.0146,1499.8,58.75,575240.0,0.6345,8.39,13.22,2.39,8512.3,Normal
0.0194,1514.2,57.2,564490.0,0.7155,10.86,15.18,2.71,6995.8,Normal
0.0175,1513.3,57.53,565750.0,0.6981,9.85,14.11,2.67,8012.5,Normal
0.0323,1496.3,44.02,434184.0,0.7527,13.95,18.54,2.3,5359.1,Normal
0.011,1495.2,59.83,588400.0,0.518,6.46,12.47,2.43,4186.1,Normal
0.0271,1503.8,50.47,496403.0,0.7775,13.41,17.25,2.23,9712.5,Normal
0.0329,1492.0,44.03,432456.0,0.7538,14.2,18.84,1.74,5443.8,Normal
0.0363,1502.4,41.14,401793.0,0.6958,14.65,21.06,2.52,5820.5,Normal
0.0203,1506.1,55.86,548149.0,0.7611,11.1,14.59,3.25,13169.4,Normal
0.0346,1509.8,43.82,432134.0,0.7104,14.89,20.96,5.87,19373.9,Abnormal
0.0133,1499.2,59.13,581892.0,0.5956,7.73,12.97,2.05,12112.4,Normal
0.0354,1498.4,38.81,381968.0,0.5275,13.47,25.55,2.46,1631.9,Abnormal
0.0138,1493.0,58.79,571465.0,0.5928,7.97,13.45,2.73,1604.1,Normal
0.0219,1493.4,53.75,526738.0,0.7536,11.56,15.34,2.6,19033.3,Normal
0.0339,1498.2,43.7,427877.0,0.7329,14.54,19.84,2.33,6016.1,Normal
0.0145,1502.9,58.68,572855.0,0.6558,8.34,12.72,1.99,1932.1,Normal
0.0169,1507.3,57.74,568724.0,0.6734,9.56,14.2,2.44,12021.0,Normal
0.0317,1493.6,43.37,420413.0,0.5637,13.47,23.9,2.63,12510.6,Abnormal
0.0316,1511.9,46.76,460834.0,0.7617,14.5,19.03,2.46,13005.2,Normal
0.0292,1497.8,44.76,442433.0,0.5757,12.84,22.3,3.24,5421.3,Abnormal
0.0308,1499.8,46.69,457460.0,0.764,14.11,18.47,1.84,400.7,Normal
0.0263,1494.0,49.81,488436.0,0.7797,12.84,16.47,1.71,19303.8,Normal
0.0176,1480.6,55.43,546191.0,0.6987,9.55,13.66,3.11,5092.8,Normal
0.0204,1507.1,56.2,549425.0,0.7469,11.23,15.04,2.12,13552.9,Normal
0.0154,1505.9,58.52,575743.0,0.638,8.87,13.9,2.91,14161.9,Normal
0.0373,1497.7,39.58,385955.0,0.6711,14.46,21.55,2.33,12239.1,Normal
0.0275,1500.5,50.33,490681.0,0.7706,13.58,17.62,2.33,6326.9,Normal
0.022,1504.1,54.25,532953.0,0.7413,11.72,15.81,2.6,5494.8,Normal
0.0239,1487.5,51.4,504129.0,0.7737,12.03,15.55,2.0,11993.6,Normal
0.0384,1495.8,38.1,369495.0,0.6319,14.36,22.73,2.46,17335.3,Normal
0.0146,1506.4,58.89,581278.0,0.6184,8.44,13.64,2.23,18940.0,Normal
0.0276,1490.0,48.77,477422.0,0.7677,13.2,17.19,1.81,2207.5,Normal
0.0252,1502.3,51.95,510911.0,0.7832,12.83,16.38,2.55,3181.1,Normal
0.0283,1489.1,44.88,444311.0,0.6739,12.48,18.52,3.34,18900.3,Abnormal
0.0105,1503.7,60.52,594298.0,0.4885,6.26,12.81,2.33,14757.1,Normal
0.0362,1499.7,37.87,374643.0,0.5022,13.43,26.75,3.01,17671.6,Abnormal
0.038,1487.1,39.0,380410.0,0.6561,14.52,22.14,3.12,4132.4,Normal
0.027,1509.3,50.87,502552.0,0.7802,13.45,17.24,2.79,11793.0,Normal
0.0309,1494.1,45.04,439777.0,0.6548,13.65,20.85,5.42,14052.7,Abnormal
0.0377,1493.5,36.26,354286.0,0.5645,13.4,23.74,4.62,13634.2,Abnormal
0.0312,1501.6,43.69,424971.0,0.5613,13.38,23.84,2.09,8222.2,Abnormal
0.0146,1509.2,59.09,580312.0,0.6272,8.45,13.47,3.28,406.4,Normal
0.0273,1491.9,49.35,485726.0,0.7924,13.21,16.67,2.37,11700.2,Normal
0.0282,1500.5,46.45,457618.0,0.596,12.85,21.56,2.8,5136.7,Abnormal
0.0227,1503.4,54.92,535222.0,0.7569,12.24,16.18,2.59,9060.1,Normal
0.0321,1505.5,45.57,447989.0,0.7561,14.35,18.97,5.51,19155.9,Abnormal
0.038,1501.4,38.76,381313.0,0.645,14.46,22.42,2.39,8040.8,Normal
0.0378,1497.1,39.0,384126.0,0.6827,14.45,21.16,2.98,16812.1,Normal
0.0235,1493.4,52.84,516382.0,0.7601,12.19,16.04,2.89,3852.0,Normal
0.0134,1500.7,59.29,575352.0,0.591,7.79,13.18,1.92,13482.0,Normal
0.0395,1491.4,34.31,338336.0,0.4747,13.31,28.04,2.62,19542.4,Abnormal
0.0352,1476.6,37.07,363329.0,0.5865,12.79,21.81,6.19,2127.7,Abnormal
0.0137,1503.5,58.3,572620.0,0.5788,7.86,13.58,1.2,265.6,Normal
0.0376,1507.2,36.09,353788.0,0.5402,13.32,24.66,3.4,8728.3,Abnormal
0.0361,1481.1,40.56,398484.0,0.7081,14.36,20.28,1.76,1943.2,Normal
0.0256,1491.9,50.36,495903.0,0.7739,12.63,16.32,2.19,14992.8,Normal
0.0277,1505.0,48.82,474233.0,0.7693,13.28,17.27,2.27,18299.5,Normal
0.022,1516.5,55.7,549301.0,0.7653,12.01,15.69,6.38,8737.0,Abnormal
0.0116,1500.2,59.94,587574.0,0.5358,6.85,12.78,2.15,5248.4,Normal
0.0201,1494.2,54.7,540650.0,0.7248,10.76,14.85,1.91,8744.6,Normal
0.0341,1498.5,42.93,420013.0,0.7307,14.36,19.65,3.43,14496.6,Normal
0.0101,1511.0,60.86,595290.0,0.4997,6.05,12.11,6.06,280.2,Abnormal
0.02,1494.8,55.26,541716.0,0.7587,10.84,14.29,1.88,11830.1,Normal
0.0219,1493.6,53.58,526892.0,0.7639,11.54,15.1,3.11,12304.5,Normal
0.0261,1496.1,51.02,499794.0,0.7931,13.07,16.48,2.22,12790.0,Normal
0.0376,1492.4,37.84,372678.0,0.6596,13.96,21.16,2.46,4916.2,Normal
0.0204,1501.0,51.74,506560.0,0.5814,10.35,17.8,2.86,14309.6,Abnormal
0.0204,1513.0,55.85,547961.0,0.7365,11.18,15.18,5.41,1918.7,Abnormal
0.0321,1502.6,45.54,452359.0,0.7545,14.35,19.02,2.84,4065.5,Normal
0.0236,1498.0,49.78,489233.0,0.6302,11.51,18.26,2.91,17561.7,Abnormal
0.0167,1497.7,57.66,566715.0,0.6706,9.47,14.12,2.19,14800.6,Normal
0.0236,1487.5,51.48,501370.0,0.7728,11.91,15.41,1.81,373.5,Normal
0.0142,1507.1,56.84,560973.0,0.5054,7.93,15.69,2.53,5042.7,Abnormal
0.0153,1499.4,58.43,575900.0,0.6464,8.77,13.56,1.66,4366.7,Normal
0.025,1498.6,52.68,515021.0,0.7792,12.89,16.55,2.41,5489.0,Normal
0.0226,1525.5,55.51,547152.0,0.7539,12.29,16.3,1.86,5026.4,Normal
0.0374,1502.4,39.82,391473.0,0.6627,14.63,22.07,2.28,1344.3,Normal
0.0209,1494.0,53.87,528560.0,0.7274,11.03,15.16,3.02,9232.9,Normal
0.0274,1496.6,48.79,481843.0,0.8012,13.12,16.38,2.94,14681.4,Normal
0.029,1509.2,49.51,484398.0,0.7762,14.07,18.13,2.39,12174.0,Normal
0.0104,1500.9,60.34,590153.0,0.4964,6.15,12.39,2.36,13490.1,Normal
0.0299,1488.5,47.43,465832.0,0.7603,13.92,18.3,3.25,1714.9,Normal
0.0153,1507.4,55.53,546083.0,0.4921,8.36,16.98,3.06,19034.7,Abnormal
0.0388,1494.7,36.13,356883.0,0.4881,13.76,28.2,4.3,16786.0,Abnormal
0.0145,1515.0,60.58,593912.0,0.6147,8.59,13.98,5.69,16121.3,Abnormal
0.0224,1508.6,52.02,508186.0,0.6724,11.45,17.03,5.06,16477.4,Abnormal
0.0126,1496.4,59.3,588083.0,0.5748,7.31,12.71,2.77,18660.9,Normal
0.0399,1510.2,37.02,360489.0,0.6218,14.49,23.31,2.12,10930.7,Normal
0.0251,1500.5,51.36,503945.0,0.7979,12.63,15.83,2.53,4085.6,Normal
0.0279,1506.8,47.94,472273.0,0.6417,13.1,20.42,2.65,12374.0,Abnormal
0.012,1503.9,59.76,589084.0,0.5385,7.04,13.08,2.32,14883.3,Normal
0.0325,1493.2,44.9,439020.0,0.7461,14.31,19.18,1.28,14784.6,Normal
0.0163,1494.9,56.73,551829.0,0.667,9.07,13.6,2.3,10476.8,Normal
0.0369,1508.2,40.14,392256.0,0.7042,14.55,20.66,2.84,1462.3,Normal
0.0162,1497.3,58.19,573021.0,0.6434,9.22,14.33,2.12,7485.1,Normal
0.0157,1496.8,57.66,567211.0,0.6649,8.89,13.37,6.25,18423.3,Abnormal
0.0111,1492.4,57.65,567196.0,0.4132,6.28,15.19,3.23,11730.5,Abnormal
0.0242,1503.4,52.87,520395.0,0.7819,12.53,16.03,2.56,10812.8,Normal
0.0269,1516.5,50.76,501316.0,0.7788,13.42,17.23,2.3,5450.2,Normal
0.012,1491.5,59.39,580636.0,0.5398,6.97,12.92,1.98,7432.1,Normal
0.0333,1500.2,44.07,429328.0,0.749,14.38,19.2,6.57,17917.4,Abnormal
0.0236,1511.3,54.17,532352.0,0.7761,12.54,16.16,2.82,13362.6,Normal
0.0257,1499.4,51.37,501343.0,0.79,12.97,16.41,2.13,15769.0,Normal
0.0232,1503.6,53.01,516893.0,0.7653,12.08,15.78,2.62,9141.5,Normal
0.022,1491.5,53.69,529785.0,0.7476,11.6,15.52,5.89,12641.9,Abnormal
0.0268,1503.4,51.63,507086.0,0.7612,13.57,17.82,5.01,5042.8,Abnormal
0.0147,1498.5,58.64,575359.0,0.6347,8.43,13.29,1.64,14138.7,Normal
0.0155,1507.9,58.77,576629.0,0.6494,8.91,13.72,2.85,8609.3,Normal
0.0359,1509.5,42.39,415570.0,0.6886,14.91,21.65,2.14,8906.7,Normal
0.0384,1520.7,36.85,364529.0,0.4651,13.88,29.83,2.91,13021.5,Abnormal
0.0212,1504.6,55.23,538046.0,0.7401,11.49,15.52,3.59,18732.0,Normal
0.0181,1502.6,56.51,550434.0,0.6819,10.05,14.73,2.54,1373.7,Normal
0.0293,1501.6,48.44,472846.0,0.7647,13.93,18.22,2.23,16512.4,Normal
0.0223,1497.2,54.28,533221.0,0.7435,11.85,15.94,1.41,5918.4,Normal
0.0108,1502.7,60.03,593407.0,0.5065,6.34,12.51,3.03,8934.0,Normal
0.0147,1497.6,56.56,557046.0,0.4573,8.15,17.82,5.45,536.1,Abnormal
0.0315,1501.3,46.19,454617.0,0.74,14.26,19.28,1.95,6090.8,Normal
0.0298,1510.5,48.14,472068.0,0.7965,14.06,17.65,2.25,10102.4,Normal
0.0108,1491.9,59.88,584136.0,0.5282,6.35,12.03,3.04,1217.9,Normal
0.0167,1509.1,58.15,571708.0,0.6617,9.5,14.36,2.75,9872.8,Normal
0.0169,1510.5,58.53,579205.0,0.68,9.72,14.3,4.88,18549.5,Abnormal
0.0302,1499.1,45.47,445415.0,0.6708,13.45,20.05,3.1,2197.3,Abnormal
0.0106,1483.0,57.13,559081.0,0.3724,5.94,15.94,5.37,15312.4,Abnormal
0.0131,1495.1,56.77,556358.0,0.3981,7.31,18.36,3.23,8252.5,Abnormal
0.034,1510.4,41.24,406078.0,0.6565,13.75,20.95,4.51,13138.0,Abnormal
0.0154,1499.8,57.41,563516.0,0.6353,8.65,13.61,2.84,5278.7,Normal
0.0296,1492.0,47.04,463731.0,0.7572,13.65,18.03,2.84,3273.9,Normal
0.0171,1496.0,57.36,562620.0,0.6898,9.65,13.99,2.62,3293.2,Normal
0.013,1506.7,59.78,585869.0,0.5954,7.61,12.79,2.24,1502.8,Normal
0.0173,1504.4,57.34,563065.0,0.7151,9.73,13.6,2.73,3794.4,Normal
0.0317,1498.1,45.29,442982.0,0.7434,14.07,18.93,2.36,13318.0,Normal
0.0357,1497.1,41.05,407020.0,0.7118,14.36,20.18,1.91,17645.6,Normal
0.0349,1496.9,39.91,393621.0,0.5611,13.67,24.36,5.45,16301.1,Abnormal
0.0219,1492.6,53.74,524457.0,0.7631,11.55,15.14,2.44,13734.2,Normal
0.03,1512.9,48.14,470416.0,0.7529,14.19,18.84,2.81,2297.6,Normal
0.0161,1497.4,57.24,562955.0,0.6449,9.07,14.06,2.32,5854.8,Normal
0.0188,1509.7,57.06,560168.0,0.7021,10.52,14.98,1.86,6265.2,Normal
0.0369,1512.2,41.03,403231.0,0.6813,14.85,21.79,2.43,5074.1,Normal
0.0104,1508.0,58.15,569959.0,0.3379,5.93,17.54,3.32,10348.6,Abnormal
0.0126,1496.5,58.6,575961.0,0.5757,7.22,12.55,2.48,10757.5,Normal
0.0162,1503.2,56.05,549468.0,0.5615,8.93,15.9,5.74,7202.0,Abnormal
0.0108,1499.8,60.51,595001.0,0.5198,6.41,12.33,2.86,7140.4,Normal
0.0154,1492.8,57.31,564173.0,0.6634,8.68,13.09,2.13,16588.3,Normal
0.0275,1502.6,50.16,496104.0,0.7847,13.53,17.24,2.12,15806.9,Normal
0.0226,1490.6,52.94,518049.0,0.7461,11.76,15.76,1.93,6225.1,Normal
0.0368,1509.5,40.94,401620.0,0.6989,14.77,21.14,2.71,18284.4,Normal
0.0345,1496.3,43.32,421936.0,0.7151,14.67,20.52,3.05,19061.0,Normal
0.0203,1501.6,55.8,551937.0,0.7446,11.09,14.89,2.26,6602.2,Normal
0.0178,1502.3,57.32,557332.0,0.7124,10.0,14.04,2.29,7153.1,Normal
0.0214,1497.9,52.74,521571.0,0.6201,11.07,17.85,5.5,10162.1,Abnormal
0.0277,1504.7,49.43,485176.0,0.7615,13.44,17.64,6.59,18828.3,Abnormal
0.018,1496.2,52.79,518887.0,0.5299,9.34,17.63,3.19,17538.8,Abnormal
0.0287,1507.0,49.74,487493.0,0.7928,14.01,17.68,1.86,2141.1,Normal
0.0223,1489.2,52.67,516788.0,0.7553,11.51,15.24,2.71,7915.3,Normal
0.0266,1501.0,50.36,495484.0,0.7808,13.12,16.81,1.98,11112.1,Normal
0.0231,1515.5,52.82,514082.0,0.6652,11.96,17.98,2.44,10112.3,Abnormal
0.0188,1492.0,55.33,541169.0,0.7204,10.22,14.19,5.89,3957.9,Abnormal
0.0385,1494.6,37.75,368190.0,0.6497,14.24,21.92,2.14,17190.5,Normal
0.0329,1504.1,43.1,423884.0,0.5767,13.91,24.12,3.12,13571.1,Abnormal
0.0142,1501.4,58.34,572313.0,0.6095,8.13,13.34,1.75,16774.4,Normal
0.0361,1502.8,40.97,403425.0,0.7068,14.49,20.5,2.83,17189.4,Normal
0.0246,1503.9,52.85,518910.0,0.7809,12.77,16.35,2.91,14992.3,Normal
0.0368,1505.1,36.81,363800.0,0.5755,13.3,23.12,2.31,8840.3,Abnormal
0.034,1508.9,43.39,423767.0,0.7431,14.47,19.47,7.33,12249.9,Abnormal
0.0228,1503.3,50.76,498117.0,0.6537,11.33,17.34,2.93,3291.3,Abnormal
0.0107,1498.1,60.32,594464.0,0.4983,6.32,12.67,2.79,13505.5,Normal
0.0181,1505.4,57.11,562527.0,0.6895,10.12,14.68,2.37,3667.1,Normal
0.0262,1515.2,49.16,478532.0,0.6686,12.66,18.93,5.94,13909.6,Abnormal
0.029,1498.9,48.49,473125.0,0.7726,13.8,17.86,2.32,4669.0,Normal
0.0177,1492.2,55.68,545994.0,0.7074,9.69,13.69,2.95,2439.3,Normal
0.0142,1508.9,59.68,584841.0,0.603,8.3,13.77,5.65,3389.2,Abnormal
0.035,1499.0,42.45,416225.0,0.7163,14.59,20.37,2.67,139.6,Normal
0.0395,1482.6,35.98,354948.0,0.6122,13.95,22.79,2.9,14402.9,Normal
0.0258,1506.8,49.33,484630.0,0.6335,12.47,19.68,3.64,14674.8,Abnormal
0.0152,1495.7,57.54,565375.0,0.6189,8.55,13.82,3.45,10347.2,Normal
0.0182,1499.3,57.11,561970.0,0.6979,10.18,14.59,2.16,3311.1,Normal
0.0106,1502.7,60.49,596130.0,0.5021,6.26,12.47,2.83,1762.7,Normal
0.0374,1501.5,39.53,380159.0,0.6757,14.51,21.48,2.35,480.7,Normal
0.0135,1505.7,59.51,582825.0,0.5979,7.9,13.21,2.96,3398.4,Normal
0.0273,1496.5,49.8,486370.0,0.7655,13.34,17.42,2.4,17828.0,Normal
0.0182,1504.1,57.49,565129.0,0.7145,10.28,14.38,2.23,4906.6,Normal
0.0266,1497.9,50.09,490195.0,0.7824,13.08,16.72,2.99,7150.0,Normal
0.0295,1505.9,48.11,472149.0,0.7758,13.94,17.97,2.18,2196.4,Normal
0.0349,1504.9,43.21,426065.0,0.7164,14.79,20.65,1.76,4525.0,Normal
0.0162,1492.5,56.99,557576.0,0.6548,9.05,13.83,2.17,10432.6,Normal
0.0103,1508.7,61.35,602783.0,0.4996,6.22,12.45,2.68,12194.3,Normal
0.0141,1495.7,59.16,584245.0,0.6164,8.19,13.28,3.03,4982.5,Normal
0.037,1506.5,40.28,397235.0,0.6572,14.62,22.25,2.45,1248.9,Normal
0.0362,1502.9,39.01,378766.0,0.556,13.86,24.93,5.29,7881.6,Abnormal
0.0279,1514.7,50.04,490161.0,0.7761,13.71,17.66,1.79,4760.6,Normal
0.028,1498.2,49.63,487723.0,0.782,13.64,17.44,4.21,4469.1,Abnormal
0.03,1497.2,47.55,467841.0,0.7854,13.97,17.79,2.27,19201.3,Normal
0.0153,1499.8,58.45,572771.0,0.6304,8.75,13.88,2.35,12364.4,Normal
0.0374,1497.6,39.19,382903.0,0.6632,14.39,21.7,2.44,11181.9,Normal
0.0226,1506.4,53.65,526481.0,0.7538,11.88,15.75,2.71,8373.9,Normal
0.0215,1487.1,53.87,525766.0,0.7395,11.36,15.36,2.2,8636.0,Normal
0.0256,1491.6,50.14,494601.0,0.7737,12.58,16.25,2.46,10864.0,Normal
0.0114,1491.5,59.11,584540.0,0.5417,6.62,12.21,2.38,13959.0,Normal
0.015,1507.6,59.38,583461.0,0.6204,8.73,14.07,1.98,14072.7,Normal
0.0321,1513.7,46.38,454422.0,0.7582,14.62,19.29,2.35,3516.7,Normal
0.0125,1499.2,60.22,593105.0,0.545,7.37,13.53,2.34,10052.2,Normal
0.0281,1498.6,48.38,476583.0,0.6472,13.34,20.6,5.87,8298.0,Abnormal
0.0174,1500.6,56.96,558079.0,0.6814,9.7,14.24,2.41,17423.5,Normal
0.0217,1509.3,55.17,541085.0,0.7713,11.73,15.21,2.43,12665.2,Normal
0.0187,1492.6,55.85,546391.0,0.7059,10.22,14.48,2.21,10696.8,Normal
0.0207,1501.9,53.24,522723.0,0.6029,10.8,17.91,6.06,2396.4,Abnormal
0.0316,1507.8,46.16,453539.0,0.7347,14.3,19.46,1.87,12152.2,Normal
0.0189,1504.0,56.35,550875.0,0.7138,10.46,14.65,2.08,2432.4,Normal
0.027,1501.5,49.63,484185.0,0.7874,13.14,16.69,8.0,6810.4,Abnormal
0.0243,1508.0,53.15,518070.0,0.777,12.66,16.29,1.93,2942.6,Normal
0.0299,1478.4,46.22,454473.0,0.7734,13.56,17.54,1.79,13872.3,Normal
0.0381,1505.4,38.38,376479.0,0.6683,14.35,21.47,2.73,4204.4,Normal
0.032,1494.8,45.48,445981.0,0.7483,14.27,19.07,1.47,7898.0,Normal
0.0164,1485.4,56.84,558732.0,0.6773,9.17,13.54,2.29,17923.9,Normal
0.0109,1504.1,56.98,556716.0,0.3656,6.11,16.72,4.32,4165.9,Abnormal
0.0179,1511.0,57.6,562369.0,0.6842,10.1,14.76,1.7,10205.3,Normal
0.0279,1498.9,49.75,488668.0,0.7576,13.59,17.94,1.51,8443.5,Normal
0.0115,1507.6,60.75,591639.0,0.5334,6.88,12.9,1.73,460.7,Normal
0.0249,1512.9,53.11,520358.0,0.7749,12.97,16.74,2.8,15875.9,Normal
0.0279,1510.5,49.91,495765.0,0.7805,13.66,17.5,2.91,1474.0,Normal
0.02,1513.1,56.67,552558.0,0.7312,11.13,15.23,2.17,9537.7,Normal
0.0331,1505.9,45.27,443043.0,0.7306,14.71,20.14,4.86,11257.5,Abnormal
0.0132,1500.6,59.02,573699.0,0.5837,7.64,13.09,3.03,12605.7,Normal
0.0123,1487.2,59.42,582351.0,0.5406,7.14,13.21,3.2,13803.8,Normal
0.0318,1498.0,45.44,450716.0,0.7724,14.2,18.38,2.29,5140.1,Normal
0.0249,1493.3,51.65,507886.0,0.7717,12.6,16.33,1.36,298.6,Normal
0.0307,1517.4,46.04,450147.0,0.6295,13.84,22.0,2.65,14496.5,Abnormal
0.023,1498.6,53.49,530210.0,0.7831,12.09,15.44,2.21,10759.6,Normal
0.0174,1501.0,56.54,550287.0,0.6711,9.65,14.37,2.28,16738.7,Normal
0.0346,1504.4,42.91,422076.0,0.7081,14.55,20.55,2.32,16445.6,Normal
0.034,1500.3,43.11,423037.0,0.7172,14.37,20.04,2.9,16882.2,Normal
0.0308,1513.6,47.69,467174.0,0.7642,14.43,18.88,2.97,9753.4,Normal
0.0182,1495.0,56.74,558663.0,0.7057,10.11,14.33,4.76,6739.2,Abnormal
0.0277,1501.6,50.08,488319.0,0.7884,13.61,17.27,2.89,15852.0,Normal
0.0208,1494.1,51.67,507652.0,0.6442,10.56,16.39,4.48,9080.8,Abnormal
0.0127,1489.4,59.38,583016.0,0.5461,7.43,13.6,2.43,3750.5,Normal
0.0375,1495.1,35.48,345874.0,0.5671,13.06,23.03,3.5,17114.0,Abnormal
0.0141,1499.7,56.93,563377.0,0.4701,7.88,16.76,3.12,17662.9,Abnormal
0.0385,1496.6,38.16,373925.0,0.6381,14.42,22.59,3.33,9379.6,Normal
0.0234,1494.5,52.93,518914.0,0.7592,12.14,15.99,1.75,1606.4,Normal
